"Question","Answer"
"그 안에서
나는 겨울을 자세히 살펴보고 눈 속에서 봄을 찾는다","IN WHICH
I Have a Good Look at Winter and Find Spring in the Snow"
"크리스마스가 끝나자, 겨울은 본격적이 되었다.","With Christmas over, the winter became serious."
"눈은 더 깊어졌고, 바람은 불었고, 기온은 떨어졌다
공기가 딱딱 소리를 내고 말을 할 때까지.","The snows deepened, the wind blew, the temperatures dropped
until the air snapped and talked."
"인류가 그토록 멀리 느껴진 적은 없었다
1월, 2월, 그리고 3월의
그 춥고 고요한 달들에서처럼.","Never had humanity seemed so far away
as it did in those cold still months
of January, February, and March."
"나는 눈 덮인 바위산을 돌아다녔다,
새들의 언어를 들으며 낮에는
그리고 날씨의 소리를 들으며 밤에는.","I wandered the snowy crags,
listening to the language of the birds by day
and to the noises of the weather by night."
"바람은 울부짖었고, 눈은 사태를 일으켰고, 그리고 공기는 삐걱거렸다.","The wind howled, the snow avalanched, and the air creaked."
"나는 잠을 자고, 먹고, 갈대 피리를 불고, 그리고 프라이트풀에게 말을 걸었다.","I slept, ate, played my reed whistle, and talked to Frightful."
"편안하고, 따뜻하고, 그리고 겨울 야생의 일부가 되는 것은
잊을 수 없는 경험이다.","To be relaxed, warm, and part of the winter wilderness
is an unforgettable experience."
"나는 아주 좋은 컨디션이었다.","I was in excellent condition."
"감기도 없고, 콧물도 없고, 한 순간의 피로도 없었다.","Not a cold, not a sniffle, not a moment of fatigue."
"나는 그 느낌을 즐겼다
내가 먹고, 자고, 따뜻할 수 있다는,
그리고 산을 강타하는 폭풍들과
산을 마비시키는 영하의 기온을
이겨낼 수 있다는.","I enjoyed the feeling
that I could eat, sleep and be warm,
and outwit the storms that blasted the mountains
and the subzero temperatures
that numbed them."
"눈은 계속 내렸다.","It snowed on."
"나는 눈더미를 헤치고 나아갔고 길을 밟아 만들었다
결국 내게 떠오를 때까지
내가 눈신을 만들 모든 재료를 가지고 있다는 것이
더 쉬운 이동을 위해.","I plowed through drifts and stamped paths
until eventually it occurred to me
that I had all the materials to make snowshoes
for easier traveling."
"여기에 눈신 메모가 있다:","Here are the snowshoe notes:"
"나는 물푸레나무 어린 나무로 널빤지를 만들었다,
휠 수 있을 만큼 얇게 깎아서.","I made slats out of ash saplings,
whittling them thin enough to bow."
"나는 그것들을 물에 담가 더 쉽게 구부러지게 했고,
양쪽 끝을 함께 고리로 만들고,
가죽으로 감았다.","I soaked them in water to make them bend more easily,
looped the two ends together,
and wound them with hide."
"내 주머니칼로 나는 구멍을 뚫었다
고리 전체 둘레의 각 부분에.","With my penknife I made holes
in each part all around the loop."
"나는 사슴 가죽을 십자로 엮었다
고리들 사이로.","I strung deer hide crisscross
through the loops."
"나는 가죽 고리를 만들었다 발가락을 잡아줄
그리고 끈을 만들었다 신발을 묶어 고정할.","I made a loop of hide to hold my toe
and straps to tie the shoes on."
"내가 이 신발을 신고 처음 걸었을 때,
나는 발가락에 걸려 넘어졌다,
하지만 첫날이 끝날 무렵에는 나는 걸을 수 있었다
나무에서 협곡까지 절반의 시간에.","When I first walked in these shoes,
I tripped on my toes and fell,
but by the end of the first day I could walk
from the tree to the gorge in half the time."
"나는 날씨에 가까이 살았다.","I lived close to the weather."
"놀라운 일이다 얼마나 당신이 날씨를 관찰하게 되는지
당신이 그 안에서 살 때.","It is surprising how you watch it
when you live in it."
"구름 하나도 눈에 띄지 않게 지나가지 않았고,
바람 하나도 시험받지 않고 불지 않았다.","Not a cloud passed unnoticed,
not a wind blew untested."
"나는 폭풍의 기분을 알았다,
그것들이 어디서 왔는지,
그것들의 모양과 색깔을.","I knew the moods of the storms,
where they came from,
their shapes and colors."
"해가 비치면, 나는 프라이트풀을 초원으로 데려갔고
우리는 산을 미끄러져 내려갔다
내 자라등딱지 썰매를 타고.","When the sun shone, I took Frightful to the meadow
and we slid down the mountain
on my snapping-turtle-shell sled."
"그녀는 이것을 별로 좋아하지 않았다.","She didn't care much for this."
"바람이 바뀌고 공기에서 눈 냄새가 나면,
나는 내 나무 안에 머물곤 했다,
왜냐하면 나는 어느 날 오후 눈보라 속에서 길을 잃은 적이 있었고
바위 선반에 웅크려야 했기 때문이다
내가 어디로 가는지 볼 수 있을 때까지.","When the winds changed and the air smelled like snow,
I would stay in my tree,
because I had gotten lost in a blizzard one afternoon
and had had to hole up in a rock ledge
until I could see where I was going."
"그날 바람이 너무 강해서
나는 밀고 나아갈 수가 없었다,
그래서 나는 선반 아래로 기어들어갔다;
몇 시간 동안 나는 궁금했다
폭풍이 지나간 후 내가 빠져나올 수 있을지.","That day the winds were so strong
I could not push against them,
so I crawled under the ledge;
for hours I wondered
if I would be able to dig out when the storm blew on."
"다행히 나는 약 1피트의 눈만 밀고 나가면 됐다.","Fortunately I only had to push through about a foot of snow."
"하지만, 그 경험은 나에게 가르쳐 주었다
공기가 ""눈""이라고 말할 때 집에 있으라고.","However, that taught me
to stay home when the air said ""snow."""
"내가 폭풍 속에서 집에서 멀리 잡히는 것이
두려웠던 것은 아니다,
왜냐하면 나는 어디서든 음식과 쉼터를 찾고
불을 피울 수 있었으니까,
하지만 나는 내 솔송나무 집에
둥지에 앉은 새처럼 애착이 생겼다.","Not that I was afraid of being caught
far from home in a storm,
for I could find food and shelter
and make a fire anywhere,
but I had become as attached to my hemlock house
as a brooding bird to her nest."
"폭풍과 날씨 속에 갇히면,
나는 내 나무로 돌아가고 싶은 절박한 욕구가 있었다,
바론 위즐이 그의 굴로 돌아가듯,
그리고 사슴이 그들의 작은 숲으로 돌아가듯.","Caught out in the storms and weather,
I had an urgent desire to return to my tree,
even as The Baron Weasel returned to his den,
and the deer to their copse."
"우리 모두 야생에서 우리만의 작은 ""영역""이 있었다.","We all had our little ""patch"" in the wilderness."
"우리 모두 거기로 돌아가려고 싸웠다.","We all fought to return there."
"나는 보통 밤에 집에 왔다
근처 어린 나무에 둥지를 튼 동고비와 함께.","I usually came home at night
with the nuthatch that roosted in a nearby sapling."
"나는 내가 늦었다는 것을 알았다
내가 나무를 두드렸을 때 그가 나오면.","I knew I was late
if I tapped the tree and he came out."
"가끔 날씨가 얼어붙고 비참할 때,
나는 그의 소리를 들었다 나무 높은 곳에서
초원 가장자리 근처에서,
잡아당기고 잡아당기며 꼬리를 탁탁 치는,
그러면 나는 그가 일찍 잠자리로 날아가는 것을 보곤 했다.","Sometimes when the weather was icy and miserable,
I would hear him high in the tree
near the edge of the meadow,
yanking and yanking and flicking his tail,
and then I would see him wing to bed early."
"나는 그를 꽤 좋은 기압계라고 여겼다,
그리고 그가 일찍 나무로 들어가면,
나도 일찍 내 나무로 들어갔다.","I considered him a pretty good barometer,
and if he went to his tree early,
I went to mine early too."
"당신에게 신문이나 라디오가 없을 때
날씨 정보를 알려줄,
새와 동물을 관찰하라.","When you don't have a newspaper or radio
to give you weather bulletins,
watch the birds and animals."
"그들은 폭풍이 오고 있을 때를 알 수 있다.","They can tell when a storm is coming."
"나는 그 동고비를 ""바로미터""라고 불렀다,
그리고 그가 웅크리면, 나도 웅크렸고,
불을 켜고, 내 모닥불 옆에 앉아
나무를 깎거나 갈대 피리로 새 곡을 배웠다.","I called the nuthatch ""Barometer,""
and when he holed up, I holed up,
lit my light, and sat by my fire
whittling or learning new tunes on my reed whistle."
"나는 이제 정말로 겨울의 한복판에 있었고,
그 활동에 꽤 매료되었다.","I was now really into the teeth of winter,
and quite fascinated by its activity."
"""고요한 겨울 밤""이란 것은 없다.","""There is no such thing as a ""still winter night."""
"삐걱거리는 추위 속에서
많은 동물들이 돌아다니고 있을 뿐만 아니라,
나무들도 울부짖고 가지들이 부러져 떨어지고,
바람은 골짜기에 갇혀
죽을 때까지 비명을 지른다.","Not only are many animals running around
in the creaking cold,
but the trees cry out and limbs snap and fall,
and the wind gets caught in a ravine
and screams until it dies."
"어느 시끄러운 밤에 나는 이것을 적었다:","One noisy night I put this down:"
"누군가가 내 침실에 있다.","There is somebody in my bedroom."
"나는 작은 인사 소리와
작은 발이 벽을 올라가는 소리를 들을 수 있다.","I can hear small exchanges of greetings
and little feet moving up the wall."
"내가 불을 켤 때쯤이면 모든 것이 조용하다.","By the time I get to my light all is quiet."
"다음 날","Next Day"
"지난밤 내 방에 무언가가 있었다,
작은 터널이 내 문에서 눈 속으로 이어져 있다.","There was something in my room last night,
a small tunnel leads out from my door into the snow."
"그것은 놀라운 터널이다, 깔끔하게 다져져 있고,
마른 고사리에서 이끼 덩어리까지 이어진다.","It is a marvelous tunnel, neatly packed,
and it goes from a dried fern to a clump of moss."
"그러다 방향을 틀더니 사라진다.","Then it turns and disappears."
"나는 쥐라고 말하겠다.","I would say mouse."
"그날 밤","That Night"
"나는 불씨를 살려 두었고
방문객이 문에 도달하기 전에 빠르게 불을 켰다.","I kept an ember glowing
and got a light fast before the visitor could get to the door."
"그것은 쥐였다—완벽한 작은 흰발 사슴쥐
거대한 검은 눈과 깔끔한 하얀 발을 가진.","It was a mouse—a perfect little white-footed deer mouse
with enormous black eyes and tidy white feet."
"침입 현장에서 잡힌 그는,
뒤로 물러나지 않기로 결정했고,
나를 향해 몇 걸음 다가왔다.","Caught in the act of intruding,
he decided not to retreat,
but came toward me a few steps."
"나는 그에게 견과 알맹이를 건네주었다.","I handed him a nut meat."
"그는 그것을 연약한 앞발로 잡고,
볼에 쑤셔 넣고, 홱 돌아서,
그의 비밀 터널로 나갔다.","He took it in his fragile paws,
stuffed it in his cheek, flipped,
and went out his secret tunnel."
"의심할 여지없이 그 터널은
내 저장 나무까지 바로 이어지고,
이 녀석은 풍족한 겨울을 보내고 있다.","No doubt the tunnel leads
right over to my store tree,
and this fellow is having a fat winter."
"눈 속에 너구리나 스컹크는 없었지만,
쥐, 족제비, 밍크, 여우,
땃쥐, 솜꼬리토끼들은 모두
7월의 코니아일랜드보다 더 바빴다.","There were no raccoons or skunks about in the snow,
but the mice, the weasels, the mink, the foxes,
the shrews, the cottontail rabbits were all
busier than Coney Island in July."
"그들의 발자국은 산 전체에 있었고,
그들의 활동은 서로를 잡는 것부터
다양한 재료를 굴과 보금자리로
끌어가는 것까지 다양했다
더 많은 단열을 위해.","Their tracks were all over the mountain,
and their activities ranged from catching each other
to hauling various materials
back to their dens and burrows
for more insulation."
"낮에는 새들이 날개를 펴고 있었다.","By day the birds were a-wing."
"그들은 늦게 일어났다, 나보다 늦게,
그리고 먹이를 찾기 전에 서로에게 소리를 질렀다.","They got up late, after I did,
and would call to each other before hunting."
"나는 불을 지피며 생각하곤 했다
얼마나 많은 먹이가 필요한지
작은 새 한 마리를 살려두려면
그 맹렬한 추위 속에서.","I would stir up my fire and think about
how much food it must take
to keep one little bird alive
in that fierce cold."
"그들은 먹고 또 먹고 또 먹어야 한다, 나는 생각했다.","They must eat and eat and eat, I thought."
"하지만 한번은, 나는 수컷 홍관조를 발견했다
산사나무 덤불에 앉아 있는.","Once, however, I came upon a male cardinal
sitting in a hawthorn bush."
"그것은 비참한 날이었다, 회색이고, 축축하고,
대략 영도 근처였다.","It was a miserable day, gray, damp,
and somewhere around the zero mark."
"홍관조는 아무것도 하고 있지 않았다—
그냥 나뭇가지에 앉아 있을 뿐,
스스로를 따뜻하게 하려고 깃털을 부풀린 채.","The cardinal wasn't doing anything at all—
just sitting on a twig,
all fluffed up to keep himself warm."
"저기 현명한 새가 있다, 나는 속으로 말했다.","Now there's a wise bird, I said to myself."
"그는 에너지를 아끼고 있다,
이 먹이를 찾아 날아다니며
노력을 낭비하는 짓은 하지 않는다.","He is conserving his energy,
none of this flying around looking for food
and wasting effort."
"내가 그를 지켜보는 동안, 그는 발을 두 번 바꿨다,
한 발로 서고 그런 다음 다른 발을
따뜻한 깃털 속으로 끌어올리며.","As I watched him, he shifted his feet twice,
standing on one and then pulling the other up
into his warm feathers."
"나는 종종 궁금했었다
왜 새들의 발이 얼지 않는지,
그리고 거기에 내 답이 있었다.","I had often wondered
why birds' feet didn't freeze,
and there was my answer."
"그는 심지어 두 발 모두 위에 앉아서
따뜻한 깃털이 양말처럼 덮게 했다.","He even sat down on both of them
and let his warm feathers cover them like socks."
"1월 8일","January 8"
"나는 오늘 프라이트풀을 데리고 나갔다.","I took Frightful out today."
"우리는 초원으로 갔다
그녀를 위해 토끼를 잡으러;
우리가 숲 가장자리 근처의
솔송나무 중 하나를 지날 때,
그녀는 깃털을 몸에 바짝 붙이고
놀란 표정을 보였다.","We went over to the meadow
to catch a rabbit for her;
as we passed one of the hemlocks
near the edge of the grove,
she pulled her feathers to her body
and looked alarmed."
"나는 무엇이 그녀를 놀라게 했는지
알아내려 했지만, 아무것도 보지 못했다.","I tried to find out
what had frightened her, but saw nothing."
"돌아오는 길에 우리는 같은 나무를 지났고
나는 눈 속에 떨어진 올빼미 펠릿을 발견했다.","On the way back we passed the same tree
and I noticed an owl pellet cast in the snow."
"나는 위를 올려다보았다.","I looked up."
"가지들이 많고 어두웠지만,
나는 올빼미를 볼 수 없었다.","There were lots of limbs and darkness,
but I could not see the owl."
"나는 나무 주위를 돌았다;
프라이트풀은 한 지점을 응시했다
머리가 돌아가 빠질 것처럼 생각될 때까지.","I walked around the tree;
Frightful stared at one spot
until I thought her head would swivel off."
"나는 보았다, 그리고 거기 있었다,
부러진 가지처럼 보이는—
큰뿔올빼미.","I looked, and there it was,
looking like a broken limb—
a great horned owl."
"나는 정말 흥분했다고 말해야겠다
이런 이웃을 두게 되어.","I must say I was excited
to have such a neighbor."
"나는 막대기로 나무를 쳤고 그는 날아갔다.","I hit the tree with a stick and he flew off."
"그 거대한 날개—5피트는 되었을—
바람을 쳤지만, 소리는 없었다.","Those great wings—they must have been five feet across—
beat the wind, but there was no sound."
"올빼미는 나무들 사이로 산 아래를 향해 날았고,
어딘가 멀지 않은 곳에서
바늘잎과 가지 속으로 사라졌다.","The owl steered down the mountain through the trees,
and somewhere not far away
he vanished in the needles and limbs."
"큰뿔올빼미가 있다는 것은 정말 아주 특별하다.","It is really very special to have a horned owl."
"내가 이렇게 느끼는 이유는
그가 그만큼 야생의 새이기 때문인 것 같다.","I guess I feel this way
because he is such a wilderness bird."
"그는 많은 숲과 큰 나무들이 필요하고,
그래서 그의 존재는 의미한다
그리블리 농장이 정말 아름다운 곳이라는 것을.","He needs lots of forest and big trees,
and so his presence means
that the Gribley farm is a beautiful place indeed."
"어느 한 주 날씨가 태양에 조금 양보했고,
눈이 녹았고 나뭇가지들이 짐을 털어내고
공중으로 튀어올랐다.","One week the weather gave a little to the sun,
and snow melted and limbs dumped their loads
and popped up into the air."
"나는 이글루를 만들어 볼까 생각했다.","I thought I'd try to make an igloo."
"나는 큰 눈 블록들을 자르고 있었고
그것들을 원형으로 놓고 있었다.","I was cutting big blocks of snow
and putting them in a circle."
"프라이트풀은 얼굴을 햇빛에 대고 있었고,
나무참새들은 솔송나무 솔방울을 약탈하고 있었다.","Frightful was doing with her face in the sun,
and the tree sparrows were raiding the hemlock cones."
"나는 일하고 콧노래를 불렀고,
회색 구름 덮개가 알아차리지 못했다
산 위로 살금살금 올라오고 있는 북서쪽에서.","I worked and hummed,
and did not notice the gray sheet of cloud
that was sneaking up the mountain from the northwest."
"그것은 태양을 갑자기 덮었다.","It covered the sun suddenly."
"나는 깨달았다 공기가 충분히 축축해서 짜낼 수 있을 정도라는 것을.","I realized the air was damp enough to wring."
"나는 벌레만큼 따뜻하게 지낼 수 있었다
젖지만 않는다면,
그래서 나는 하늘의 칙칙한 엉망을 보고,
프라이트풀을 휘파람으로 불러,
나무로 돌아가기 시작했다.","I could stay as warm as a bug
if I didn't get wet,
so I looked at the drab mess in the sky,
whistled for Frightful,
and started back to the tree."
"우리는 들어박혔다 바로미터가 집으로
비틀거리며 돌아오고 있을 때,
그리고 그것은 조금도 이르지 않았다.","We holed up
just as Barometer was yanking his way home,
and it was none too soon."
"이슬비가 내렸고, 안개비가 내렸고, 보슬비가 뿌렸고,
마침내 얼었다.","It drizzled, it misted, it sprinkled,
and finally it froze."
"사슴가죽 문은 어둠이 오면서 얼음으로 뻣뻣해졌고,
바람이 부딪힐 때 양철 조각처럼 덜커덕거렸다.","The deer-hide door grew stiff with ice as darkness came,
and it rattled like a piece of tin when the wind hit it."
"나는 불을 피웠고, 나무 방이 따뜻해졌고,
나는 내가 포섬 수프라고 부르는 조합을 이것저것 만졌다.","I made a fire, the tree room warmed,
and I puttered around with a concoction I call possum sop."
"얼린 포섬을 이끼류, 뱀풀,
그리고 이풀과 함께 끓인 한 끼.","A meal of frozen possum stewed with lichens,
snakeweed, and lousewort."
"그것은 색다른 종류의 요리이다.","It is a different sort of dish."
"물론 내가 정말 좋아하는 것은
모든 식물의 이름들이다 포섬이라는 이름과 함께하는.","Of course what I really like about it
are the names of all the plants with the name possum."
"나는 한 시간 정도 이 요리를 만들며 장난쳤고,
이것저것 넣었는데,
그때 터널 안의 쥐 소리를 들었다.","I fooled for an hour or so brewing this dish,
adding this and that,
when I heard the mouse in his tunnel."
"나는 깨달았다 그가 끔찍한 소란을 피우고 있다는 것을,
그리고 결정했다 그것은 그가 얼음을 갉아서
들어오려 하기 때문이라고.","I realized he was making an awful fuss,
and decided it was because he was trying
to gnaw through ice to get in."
"나는 그를 도와주기로 했다.","I decided to help him."
"프라이트풀은 그녀의 자리에 있었고,
나는 쥐의 얼굴을 보고 싶었다
그가 매와 함께 굴에 있다는 것을 알았을 때.","Frightful was on her post,
and I wanted to see the mouse's face
when he found he was in a den with a falcon."
"나는 사슴가죽 문을 밀었다.","I pushed the deerskin door."
"꿈쩍도 안 했다.","It wouldn't budge."
"나는 그것을 찼다.","I kicked it."
"조금 움직이며, 도자기처럼 금이 갔고,
나는 깨달았다 그 문을 열어두지 않으면
얼음에 갇히게 될 것이라고.","It gave a little, cracking like china,
and I realized that I was going to be iced in
if I didn't keep that door open."
"나는 마침내 그것을 열었다.","I finally got it open."
"분명히 1인치 반의 얼음이 그 위에 있었을 것이다.","There must have been an inch and a half of ice on it."
"쥐는, 말할 것도 없이, 사라졌다.","The mouse, needless to say, was gone."
"나는 저녁을 먹었고 스스로에게 상기시켰다
밤 동안 가끔 일어나서 문을 열라고.","I ate my supper and reminded myself
to awaken and open the door off and on during the night."
"나는 불에 장작을 더 넣었다,
불꽃에도 불구하고 축축했기 때문에,
그리고 속옷과 옷을 입은 채 잠자리에 들었다.","I put more wood on the fire,
as it was damp in spite of the flames,
and went to bed in my underwear and suit."
"나는 두 번 깨어서 문을 발로 차서 열었다.","I awoke twice and kicked open the door."
"그리고 나는 깊은 잠에 빠졌고
그것은 평소 일어나는 시간보다 몇 시간이나 지속되었다.","Then I fell into a sound sleep
that lasted hours beyond my usual rising time."
"나는 늦잠을 잤다, 알고 보니,
얼음 덩어리 안에 있었기 때문이고,
숲의 아침 소리가 하나도
내 유리 집을 뚫고 들어와 나를 깨우지 못했기 때문이다.","I overslept, I discovered,
because I was in a block of ice,
and none of the morning sounds of the forest
penetrated my glass house to awaken me."
"내가 가장 먼저 한 것은 문을 열려고 한 것이었다;
나는 쪼개고 차서 겨우
머리를 내밀어 무슨 일이 일어났는지 보았다.","The first thing I did was try to open the door;
I chipped and kicked and managed to get my head out
to see what had happened."
"나는 봉인되어 있었다.","I was sealed in."
"자, 나는 빙풍을 본 적이 있고,
그것들이 반짝이고 유리 같고 위험할 수 있다는 것을 알지만,
이것은 다른 차원이었다.","Now, I have seen ice storms,
and I know they can be shiny and glassy and treacherous,
but this was something else."
"얼음 판들이 사시나무들을 땅에 묶고 있었고
솔송나무 꼭대기들을 아치 모양으로 굳히고 있었다.","There were sheets of ice binding the aspens to earth
and cementing the tops of the hemlocks in arches."
"그것은 몇 인치 두께였다.","It was inches thick."
"프라이트풀은 문 밖으로 날개를 펴고 날아서
나뭇가지에 앉으려 했다.","Frightful winged out of the door
and flew to a limb, where she tried to perch."
"그녀는 미끄러지고, 땅에 떨어지고,
날개와 배털로 미끄러져서
낮은 곳에서 마침내 멈췄다.","She slipped, dropped to the ground,
and skidded on her wings and undercoats
to a low spot where she finally stopped."
"그녀는 발로 일어서려 했지만, 미끄러지고,
균형을 잃고, 날개를 폈다.","She tried to get to her feet, slipped,
lost her balance, and spread her wings."
"그녀는 마침내 공중으로 퍼덕여 올라가
괜찮은 발판을 찾을 때까지 그곳에서 맴돌았다.","She finally flapped into the air
and hovered there until she could locate a decent perch."
"그녀는 솔송나무 줄기에 바짝 붙은 곳을 찾았다.","She found one close against the bole of the hemlock."
"그곳은 얼음이 없었다.","It was ice free."
"나는 그녀를 보고 웃었고,
그리고 나서 밖으로 나와 한 걸음 내디뎠다.","I laughed at her,
and then I came out and took a step."
"나는 엉덩이로 폭발적으로 착지했다.","I landed with an explosion on my seat."
"그 충격은 얼음을 산산조각 냈고
유리 덮인 나뭇가지들을 땅으로 쏟아지게 했다
산산이 부서지는 수정 한 삽처럼.","The jolt splintered the ice
and sent glass-covered limbs clattering to earth
like a shovelful of shattering crystal."
"내가 거기 앉아 있을 때,
다칠 수 있어서 감히 움직이지 못했는데,
나는 엄청난 폭발 소리를 들었다.","As I sat there,
and I didn't dare to move because I might get hurt,
I heard an enormous explosion."
"그 뒤로 쪼개지고 덜커덕거리고 부서지는 소리가 이어졌다.","It was followed by splintering and clattering and smashing."
"초원 가장자리의 단풍나무가 말 그대로 폭발했다.","A maple at the edge of the meadow had literally blown up."
"나는 이제 내 나무들이 걱정되었다—
얼음이 너무 무거워 견딜 수 없었다.","I feared now for my trees—
the ice was too heavy to bear."
"쓰러진 김에, 나는 사슴가죽 덮개를 깨끗이 쪼아내고,
일종의 헤엄치듯 나무 안으로 돌아갔다,
산 전체에서 나무들이 폭발하는 소리를 들으며.","While down, I chipped the deer flap clean,
and sort of swam back into my tree,
listening to trees exploding all over the mountain."
"그것은 무섭고 끔찍한 소리였다.","It was a fearful and dreadful sound."
"나는 불을 피우고, 훈제 생선과 말린 사과를 먹고,
다시 밖으로 나갔다.","I made a fire, ate smoked fish and dried apples,
and went out again."
"나는 아이스 스케이트를 만들어볼까 하는 생각을
했다고 고백해야겠다.","I must say I toyed with the idea
of making ice skates."
"하지만, 나는 철 마차 축이
나무에 얼어붙어 있는 것을 보고,
그것을 향해 기어갔다.","However, I saw the iron wagon axle
iced against a tree,
and crawled to it."
"나는 도끼 뒤쪽으로 그것의 얼음을 깨고,
지팡이로 사용했다.","I de-iced it with the butt of my ax,
and used it for a cane."
"나는 그것을 땅에 찔러넣고 조금씩 나아갔다.","I would stab it into the ground and inch along."
"나는 두어 번 넘어졌지만
처음만큼 세게는 아니었다.","I fell a couple of times
but not as hard as at first time."
"프라이트풀은 내가 숲을 통과해 출발하는 것을 보았고,
이 겨울 장관을 봐야 했으니까,
그녀는 내 어깨 위로 날아왔다,
좋은 발판이 반가워서.","Frightful saw me start off through the woods,
for I had to see this winter display,
and she winged to my shoulder,
glad for a good perch."
"초원에서 나는 희망적으로 태양을 찾았지만,
기회가 없었다.","At the meadow I looked hopefully for the sun,
but it didn't have a chance."
"하늘은 인디애나 콩 수프만큼 두꺼웠다.","The sky was as thick as Indiana bean soup."
"탁 트인 곳에서 나는 지켜보았다
나무 하나하나가 얼음 아래서 갈라지고 부러지는 것을,
그리고 공중으로 쏘아 올려진 유리 불꽃들과
얼음이 산산조각 나며 내는 천둥소리는
기억할 만한 것이었다.","Out in the open I watched
one tree after another splinter and break under the ice,
and the glass sparks that shot into the air
and the thunder that the ice made as it shattered
were something to remember."
"정오에도 물방울 하나 떨어지지 않았고,
얼음은 새벽만큼 단단했다.","At noon not a drip had fallen,
the ice was as tight as it had been at dawn."
"나는 동고비 소리를 듣지 못했고,
박새들은 한 번 울었지만, 다시 조용해졌다.","I heard no nuthatches,
the chickadees called once, but were silent again."
"내 샘 근처에서 폭발이 있었다.","There was an explosion near my spring."
"솔송나무 하나가 쓰러졌다.","A hemlock had gone."
"프라이트풀과 나는 나무로 살금살금 돌아갔다.","Frightful and I crept back to the tree."
"나는 결정했다 만약 내 집이 산산조각 날 거라면,
차라리 그 안에 있겠다고.","I decided that if my house was going to shatter,
I would just as soon be in it."
"안에서, 나는 프라이트풀에게 막대기를 던졌고
그녀는 발톱으로 잡았다.","Inside, I threw sticks to Frightful
and she caught them in her talons."
"이것은 우리가 긴장하고 지루할 때 하는 놀이다.","This is a game we play when we are tense and bored."
"밤이 왔고, 얼음은 여전히 판으로 깔려 있었다.","Night came, and the ice still lay in sheets."
"우리는 가끔 나무가 부러지는 쾅 소리에 잠들었지만,
폭발은 덜 빈번했다.","We slept to the occasional boom of breaking trees,
although the explosions were not as frequent."
"분명히 가장 썩고 오래된 나무들이 먼저 무너졌다.","Apparently the most rotted and oldest trees had collapsed first."
"나머지는 더 탄력적이었고,
바람이 불지 않는 한,
피해는 끝났다고 판단했다.","The rest were more resilient,
and unless a wind came up,
I figured the damage was over."
"자정에 바람이 불었다.","At midnight a wind came up."
"그것이 나를 깨웠다,
얼음 덮인 나뭇가지들이 서로 비비는 삐걱거림과
얼음이 부서지는 소리가
정신병원에서 나는 소리 같았기 때문이다.","It awakened me,
for the screech of the iced limbs rubbing each other
and the snapping of the ice
were like the sounds from a madhouse."
"나는 들었고, 할 수 있는 게 없다고 판단하고,
사슴가죽 아래에 머리를 묻고,
다시 잠들었다.","I listened, decided there was nothing I could do,
buried my head under the deer hide,
and went back to sleep."
"여섯 시나 일곱 시쯤 나는 동고비 바로미터 소리를 들었다.","Around six or seven I heard Barometer, the nuthatch."
"그는 솔송나무 숲을 지나며
먹이를 찾아 꽥꽥 소리를 냈다.","He yanked as he went food hunting
through the hemlock grove."
"나는 벌떡 일어나서 밖을 내다보았다.","I jumped up and looked out."
"태양이 뚫고 나왔고,
숲은 잔인한 화려함 속에서 반짝이고 빛났다.","The sun had come through,
and the forest sparkled and shone in cruel splendor."
"그날 나는 똑, 똑 떨어지는 소리가 시작되는 것을 들었고,
저녁쯤 일부 나무들은 짐을 털어내고
말하자면 천천히 스스로 일어서고 있었다.","That day I heard the drip, drip begin,
and by evening some of the trees had dumped their loads
and were slowly lifting themselves to their feet, so to speak."
"그러나 사시나무와 자작나무들은
여전히 인디언 활처럼 구부러져 있었다.","The aspens and birch trees, however,
were still bent like Indian bows."
"삼일 후, 숲이 일어나고,
얼음이 녹고,
약 하루 정도 따뜻하고 영광스러운 날씨가 왔다.","Three days later, the forest arose,
the ice melted,
and for about a day or so we had warm, glorious weather."
"산은 엉망이었다.","The mountain was a mess."
"부러진 나무들, 떨어진 나뭇가지들이 어디에나 있었다.","Broken trees, fallen limbs were everywhere."
"나는 폐허에 대해 마음이 안 좋았다
이것이 수천 년 동안 산에 일어나고 있었고
나무들은 여전히 거기 있었다는 것을 생각하기 전까지는,
동물들과 새들도 마찬가지로.","I felt badly about the ruins
until I thought that this had been happening to the mountains
for thousands of years and the trees were still there,
as were the animals and birds."
"새들은 굶주렸고, 많은 수가 죽었다.","The birds were starved, and many had died."
"나는 덤불 아래에서 차가운 작은 몸들을 발견했고
구멍 안에서 뻣뻣한 박새 한 마리를.","I found their cold little bodies under bushes
and one stiff chickadee in a cavity."
"그것의 발은 깃털 속으로 끌어당겨져 있었고,
깃털은 부풀려져 있었다.","Its foot was drawn into its feathers,
its feathers were fluffed."
"프라이트풀은 그 며칠 동안 오래된 얼린 사향쥐를 먹었다.","Frightful ate old frozen muskrat during those days."
"우리는 토끼 한 마리도 쥐 한 마리도 잡을 수 없었다.","We couldn't pick up a rabbit or even a mouse."
"그들은 얼음 아래 눈 속에서 버티고 있었다.","They were in the snow under the ice, waiting it out."
"나는 짐작했다 쥐들은 풀과 이끼까지
터널을 파며 계속 갔고
살아남는 데 아무 문제가 없었을 것이라고,
하지만 나는 바론 위즐이 어떻게 지내는지 궁금했다.","I suppose the mice went right on tunneling
to the grasses and the mosses
and had no trouble staying alive,
but I did wonder how The Baron Weasel was doing."
"걱정할 필요가 없었다.","I needn't have."
"여기 그에 관한 메모가 있다.","Here are some notes about him."
"나는 바론 위즐에 대해 걱정하지 말았어야 했다;
그는 빙풍 후에 나타났고,
매끈하고 만족스러운 모습이었다.","I should not have worried about The Baron Weasel;
he appeared after the ice storm,
looking sleek and pleased with himself."
"나는 생각한다 그가 많은 죽어가는 동물들과
새들로 왕처럼 식사했다고.","I think he dined royally
on the many dying animals and birds."
"어쨌든, 그는 활력이 넘쳤고
솔송나무를 올라가 프라이트풀을
그녀의 자리에서 쫓아내려 했다.","In any event, he was full of pep
and ran up the hemlock to chase Frightful
off her perch."
"그 바론!","That Baron!"
"내가 더 이상 프라이트풀을 많이 묶어둘 필요가 없어서 다행이다,
아니면 그는 분명히 그녀를 죽이려 했을 것이다.","It's a good thing I don't have to tie Frightful much anymore,
or he would certainly try to kill her."
"그는 여전히 나를 공격한다,
먹이보다는 눈 속으로 나자빠지는 재미로,
왜냐하면 그는 몇 달째 내 바지에 이빨을 박지 않았으니까.","He still attacks me,
more for the fun of being sent sprawling out into the snow than for food,
for he hasn't put his teeth in my trousers for months."
"1월은 맹렬한 달이었다.","January was a fierce month."
"빙풍 후에 더 많은 눈이 왔다.","After the ice storm came more snow."
"산꼭대기에는 눈이 없는 때가 없었고,
계곡은 막혀 있었다;
가장 따뜻한 날에만 들을 수 있었다,
얼음 깊은 곳에서,
물이 폭포 위로 스며드는 졸졸 소리를.","The mountaintop was never free of it,
the gorge was blocked;
only on the warmest days could I hear,
deep under the ice,
the trickle of water seeping over the falls."
"나는 아직 음식이 있었지만, 줄어들고 있었다.","I still had food, but it was getting low."
"신선하게 얼린 사슴고기는 다 떨어졌고,
대부분의 구근과 덩이줄기도.","All the fresh-frozen venison was gone,
and most of the bulbs and tubers."
"나는 그저 단순한 민들레 나물이 간절했다.","I longed for just a simple dandelion green."
"1월 말쯤 나는 피곤함을 느끼기 시작했고,
팔꿈치와 무릎이 약간 뻣뻣했다.","Toward the end of January I began to feel tired,
and my elbows and knees were a little stiff."
"이것이 걱정되었다.","This worried me."
"나는 판단했다 어떤 비타민 때문일 것이라고
내가 섭취하지 못하고 있는,
하지만 어떤 비타민인지 기억할 수 없었고
기억할 수 있다 해도 어디서 찾을 수 있는지도 몰랐다.","I figured it was due to some vitamin I wasn't getting,
but I couldn't remember which vitamin it was
or even where I would find it
if I could remember it."
"어느 날 아침 코피가 났다.","One morning my nose bled."
"좀 겁이 났고,
도서관까지 걸어가서
비타민에 관한 자료를 다시 읽어야 하지 않을까 생각했다.","It frightened me a bit,
and I wondered if I shouldn't hike to the library
and reread the material on vitamins."
"하지만 오래 가지 않았기에,
그리 심각하지는 않다고 판단했다.","It didn't last long, however,
so I figured it wasn't too serious."
"나는 결정했다 풀이 나올 때까지 버틸 것이라고,
왜냐하면 나는 생각했기 때문에
몇 달째 녹색 식물을 먹지 못했으니
그것이 아마 문제일 것이라고.","I decided I would live until the greens came to the land,
for I was of the opinion that
since I had had nothing green for months,
that was probably the trouble."
"같은 날 프라이트풀이 초원에서 토끼를 잡았다.","On that same day Frightful caught a rabbit in the meadow."
"내가 손질할 때, 간이 갑자기 너무 먹음직스러워 보여서
준비할 때까지 거의 기다릴 수 없었다.","As I cleaned it, the liver suddenly looked so tempting
that I could hardly wait to prepare it."
"그 다음 일주일 동안, 나는 간이 먹고 싶어서
구할 수 있는 것은 다 먹었다.","For the next week, I craved liver
and ate all I could get."
"피곤함이 사라졌고, 뼈의 통증이 멈추었고
코피도 더 이상 나지 않았다.","The tiredness ended, the bones stopped aching
and I had no more nosebleeds."
"배고픔은 재미있는 것이다.","Hunger is a funny thing."
"그것은 그 자체의 지능을 가지고 있다.","It has a kind of intelligence all its own."
"나는 첫 번째 식물이 나올 때까지 거의 매일 간을 먹었고,
더 이상 아무 문제도 없었다.","I ate liver almost every day until the first plants emerged,
and I never had any more trouble."
"나는 그 이후로 비타민을 찾아보았다.","I have looked up vitamins since."
"간이 비타민 C가 풍부하다는 것을 알고도 놀랍지 않다.","I am not surprised to find that liver is rich in vitamin C."
"감귤류 과일과 녹색 채소도 그렇다,
내가 부족했던 음식들.","So are citrus fruits and green vegetables,
the foods I lacked."
"수영이나 소리쟁이 같은 야생 식물은
이 비타민이 풍부하다.","Wild plants like sorrel and dock
are rich in this vitamin."
"내가 그때 이것을 알았다 해도,
아무 소용이 없었을 것이다,
그것들은 땅속의 뿌리에 불과했으니까.","Even if I had known this at that time,
it would have done me no good,
for they were but roots in the earth."
"결과적으로, 간은 유일하게 구할 수 있는
비타민 C의 원천이었다—
그리고 간을 나는 잔뜩 먹었다,
이유도 모른 채.","As it turned out, liver was the only available source
of vitamin C—
and on liver I stuffed,
without knowing why."
"내 건강에 대해서는 그 정도로.","So much for my health."
"나는 지금 궁금하다 왜 그보다 더 많은 문제가 없었는지,
아마도 전쟁 중에 어머니가
아동 병원에서 일했기 때문일 것이다,
음식 준비를 도우면서,
그리고 그녀는 균형 잡힌 식단이 무엇으로 이루어지는지 잘 알았다.","I wonder now why I didn't have more trouble than I did,
except that my mother worked
in a children's hospital during the war,
helping to prepare food,
and she was conscious of what made up a balanced meal."
"우리는 아이들로서 그것에 대해 많이 들었기에,
나는 겨울 식단이 불균형하다는 것을
모르지 않았다.","We heard a lot about it as kids,
so I was not unaware
that my winter diet was off balance."
"그 경험 후, 나는 숲에서
전에는 주의를 기울이지 않았던 것들을 발견했다.","After that experience, I noticed things in the forest
that I hadn't paid any attention to before."
"다람쥐가 초원 아래 어린 나무의 껍질을 벗겨
하얗게 반들반들하게 만들었다.","A squirrel had stripped the bark off a sapling
at the foot of the meadow, leaving it gleaming white."
"나는 그것을 보고 곰곰이 생각했다,
그가 비타민 하나둘이 부족해서
나무껍질에서 그것을 찾은 건 아닌지.","I pondered when I saw it,
wondering if he had lacked a vitamin or two
and had sought them in the bark."
"나도 나무껍질을 약간 먹어보았다고 고백해야겠지만,
비타민이 가득하더라도
간이 더 낫다고 결론 내렸다.","I must admit I tried a little of the bark myself,
but decided that even if it was loaded with vitamins,
I preferred liver."
"나는 또한 알아차렸다 새들이
태양이 우리 산에 빛을 내려줄 때 햇빛 속에 앉는 것을,
그리고 나는, 그 당시 비타민에 매우 관심이 있었기에,
그들이 비타민 D를 모으고 있는 건 아닌지 궁금했다.","I also noticed that the birds would sit in the sun
when it favored our mountain with its light,
and I, being awfully vitamin minded at the time,
wondered if they were gathering vitamin D."
"만약을 위해, 이를 고려하여,
나도 태양이 나올 때 햇빛 속에 앉았다.","To be on the safe side, in view of this,
I sat in the sun too when it was out."
"프라이트풀도 그랬다.","So did Frightful."
"내 메모는 이 몇 달 동안 쌓여갔고,
자작나무 껍질 일지는 보관 문제가 되었다.","My notes piled up during these months,
and my journal of birch bark became a storage problem."
"나는 마침내 그것을 나무에서 꺼내
근처 바위 선반 아래에 숨겼다.","I finally took it out of my tree
and cached it under a rock ledge nearby."
"쥐들이 그 안에 둥지를 틀었지만,
젖었을 때도 견뎠다.","The mice made nests in it,
but it held up even when it got wet."
"그것이 숲의 산물을 사용하는 것의 한 가지 점이다.","That's one thing about using the products of the forest."
"그것들은 대개 방수가 된다.","They are usually weatherproof."
"이것은 중요하다 날씨가
네 피부만큼 가깝고
먹는 것만큼 삶의 일부일 때.","This is important when the weather is near to you
as your skin and as much a part of your life
as eating."
"나는 이제 동물에 대해 더 많이 쓰고
나 자신에 대해서는 덜 쓰고 있었고,
이것은 내가 꽤 안전하다고 느끼고 있었음을 증명한다.","I was writing more about the animals now
and less about myself,
which proves I was feeling pretty safe."
"여기 흥미로운 기록이 있다.","Here is an interesting entry."
"2월 6일","February 6"
"사슴들이 내 주변으로 모두 몰려왔다.","The deer have pressed in all around me."
"그들은 배가 고프다.","They are hungry."
"분명히 그들은 새벽과 황혼에 먹이를 먹는
계곡에서 마당을 밟아 만들지만,
많은 수가 솔송나무 숲으로 다시 올라와
하루 동안 숨고 잔다.","Apparently they stamp out yards in the valleys
where they feed during the dawn and dusk,
but many of them climb back to the hemlock grove
to hide and sleep for the day."
"그들은 이 가느다란 발굽으로
깊은 눈을 너무 수월하게 헤쳐나간다.","They manage the deep snows so effortlessly
on these slender hooves."
"만약 내가 알게 된다면
지금부터 백만 년 후 내 아이들의 아이들의 아이들이
이 산에서 나처럼 살게 될 것이라는 것을,
나는 가느다란 발을 가진 아내를 맞이하고
즉시 발굽을 가진 종족을 기르기 시작해야 할 것이다,
미래의 캣스킬 아이들이
눈과 초원과 습지를
사슴만큼 쉽게 달릴 수 있도록.","If I were to know that a million years from today
my children's children's children
were to live as I am living in these mountains,
I should marry me a wife with slender feet
and begin immediately to breed a race with hooves,
that the Catskill children of the future
might run through the snows and meadows and marshes
as easily as the deer."
"나는 사슴이 걱정되기 시작했고,
여러 날 동안 나무에 올라가
그들을 위해 부드러운 가지를 잘라주었다.","I got to worrying about the deer,
and for many days I climbed trees
and cut down tender limbs for them."
"처음에는 두 마리만 왔고, 그 다음 다섯 마리,
그리고 곧 큰 눈의 흰꼬리사슴 무리가
해질녘 내 나무에서 기다리고 있었다
내가 나와서 가지를 잘라주기를.","At first only two came, then five,
and soon I had a ring of large-eyed white-tailed deer
waiting at my tree at twilight
for me to come out and chop off limbs."
"나는 이 무리가 커지는 것에 놀랐고,
그들이 서로에게 내 서비스를 알리는 데
어떤 신호를 사용하는지 궁금했다.","I was astonished to see this herd grow,
and wondered what signals they used
to inform each other of my services."
"냄새를 맡은 걸까?","Did they smell after?"
"더 만족스러워 보인 걸까?","Look more content?"
"어떻게든 그들은 친구들에게 말할 수 있었다
산 이쪽에 무료 점심이 있다고,
그리고 점점 더 많이 도착했다.","Somehow they were able to tell their friends
that there was a free lunch on my side of the mountain,
and more and more arrived."
"어느 저녁 사슴이 너무 많아서
나는 초원 반대편에서 가지를 자르기로 했다.","One evening there were so many deer
that I decided to chop limbs on the other side of the meadow."
"그들은 내 나무 주변의 눈을 헤집고
발로 긁어 땅을 파헤치고 있었다.","They were cutting up the snow
and tearing up the ground around my tree with their pawing."
"삼일 밤 후 그들은 모두 사라졌다.","Three nights later they all disappeared."
"사슴 한 마리도 가지를 먹으러 오지 않았다.","Not one deer came for limbs."
"나는 계곡 아래를 내려다보았고,
희미한 빛 속에서 아래 땅의 드러난 흙을 볼 수 있었다.","I looked down the valley,
and in the dim light could see the open earth on the land below."
"사슴은 다시 풀을 뜯을 수 있었다.","The deer could forage again."
"봄이 땅에 오고 있었다!","Spring was coming to the land!"
"내 심장이 빨리 뛰었다.","My heart beat faster."
"나는 떨고 있었던 것 같다.","I think I was trembling."
"계곡도 흐릿해졌다.","The valley also blurred."
"그럴 수 있는 유일한 것은 눈물이니,
울고 있었나 보다.","The only thing that can do that is tears,
so I guess I was crying."
"그날 밤 큰뿔부엉이들이
땅 저편으로 울음을 터뜨렸다.","That night the great horned owls
boomed out across the land."
"내 메모에 적혀 있다:","My notes read:"
"2월 10일","February 10"
"큰뿔부엉이가 알을 낳은 것 같다!","I think the great horned owls have eggs!"
"산은 하얗고, 바람이 불고, 눈은 단단하지만,
봄이 시작되고 있다 그들의 텅 빈 단풍나무 안에서.","The mountain is white, the wind blows, the snow is hard packed,
but spring is beginning in their hollow maple."
"내일 올라가 봐야겠다.","I will climb it tomorrow."
"2월 12일","February 12"
"그래, 그래, 그래.","Yes, yes, yes."
"단풍나무 안에 봄이 왔다.","It is spring in the maple."
"큰뿔부엉이 알 두 개가 놓여 있다
차갑고 눈으로 둘러싸인 구멍 안에
나무 꼭대기의 부러진 부분에.","Two great horned owl eggs lie
in the cold snow-rimmed cavity
in the broken top of the tree."
"만져보니 따뜻했다.","They were warm to my touch."
"눈 속의 알.","Eggs in the snow."
"이것이 놀랍지 않은가?","Now isn't that wonderful?"
"나는 오래 머물지 않았다,
혹독한 날씨였고
암컷이 즉시 돌아오길 원했기 때문이다.","I didn't stay long,
for it is bitter weather
and I wanted the female to return immediately."
"나는 내려왔고,
나무를 향해 달려가면서
그녀가 미끄러지듯 나아가는 것을 보았다
부엉이의 소리 없는 날개로
나뭇가지 사이를 지나며
그녀의 일로 돌아가는.","I climbed down,
and as I ran off toward my tree
I saw her drift
on those muffled wings of the owl
through the limbs and branches
as she went back to her work."
"나는 얼음 터널을 기어서 내 나무로 들어갔다
지금 그곳으로 이어지는,
바람이 내 등을 때리며.","I crawled through the tunnel of ice
that leads to my tree now,
the wind beating at my back."
"나는 저녁을 나무를 깎으며 보냈고
높은 숲에서 봄의 첫 새 생명과 함께 있는
부엉이에 대해 생각했다.","I spent the evening whittling
and thinking about the owl high in the forest
with the first new life of the spring."
"그리하여 사슴의 사라짐과 함께,
부엉이의 울음과 함께,
차가운 땅은 새 생명을 만들기 시작했다.","And so with the disappearance of the deer,
the hoot of the owl,
the cold land began to create new life."
"봄은 끔찍하게 신나는 것이다
네가 바로 그 한가운데 살아 있을 때.","Spring is terribly exciting
when you are alive right in it."
"나는 녹색 채소가 간절했고,
그날 밤 잠들면서
미국자리공, 민들레,
곧 땅에서 올라올 봄의 아름다운 꽃들을 생각했다.","I was hungry for green vegetables,
and that night as I went off to sleep,
I thought of the pokeweeds, the dandelions,
the spring beauties that would soon be pressing up from the earth."
"더 많은 이야기
봄에 대하여 겨울 속의 그리고 나의 이야기의 끝의 시작","MORE ABOUT
The Spring in the Winter and the Beginning of My Story's End"
"올빼미가 깨뜨렸다 겨울의 주문을.
그때부터, 일들이 일어나기 시작했다 당신이 직접 봐야 믿을 수 있는.
곤충들이 나타났다 눈이 땅 위에 있는 동안에.
새들은 둥지를 짓고, 너구리들은 짝짓기를 하고, 여우들은 서로를 불렀다, 다시 찾으며 평생의 짝을.
2월 말에, 수액이 흐르기 시작했다 단풍나무에서.
나는 나무 몇 그루에 꼭지를 꽂고 수액을 끓여 시럽을 만들었다.
엄청나게 많은 수액이 필요하다 한 컵의 시럽을 만드는 데, 나는 알게 되었다—서른두 컵이, 정확히 말하면.","The owl had broken the spell of winter.
From that time on, things began to happen that you'd have to see to believe.
Insects appeared while the snow was on the ground.
Birds built nests, raccoons mated, foxes called to each other, seeking again their lifelong mates.
At the end of February, the sap began to run in the maple trees.
I tapped some trees and boiled the sap to syrup.
It takes an awful lot of sap to make one cup of syrup, I discovered—thirty-two cups, to be exact."
"이 모든 것이 있었고 나는 여전히 겨울용 모피 안감 속옷을 입고 있었다.
한두 마리의 새가 돌아왔고, 보호된 샘물 옆의 고사리들이 펼쳐졌다—아주 천천히, 하지만 그러했다.
그러자 활동이 탄력을 받았고, 내가 변화를 인식하기도 전에, 양배추악취풀이 있었다 우스꽝스러운 꽃을 내밀며 눈 위로 습지에서.
나는 몇 개를 따서 요리했지만, 맛이 없었다.
양배추악취풀은 양배추악취풀일 뿐이다.","All this and I was still in my winter fur-lined underwear.
One or two birds returned, the ferns by the protected spring unrolled—very slowly, but they did.
Then the activity gathered momentum, and before I was aware of the change, there were the skunk cabbages poking their funny blooms above the snow in the marsh.
I picked some and cooked them, but they aren't any good.
A skunk cabbage is a skunk cabbage."
"내 초원에서 나는 볼 수 있었다 계곡들이 초록으로 변하는 것을.
내 산은 여전히 눈으로 덮여 있어서, 나는 계곡으로 걸어 내려갔다 거의 매일 먹을 수 있는 식물을 찾으러.
프라이트풀은 내 어깨에 앉아 나와 함께 내려갔다.
그녀는 나보다 더 잘 알고 있었다 계절이 바뀌었다는 것을, 그리고 그녀는 하늘을 살폈다 레이더처럼.
어떤 생명체도 그 하늘 세계를 지나가지 못했다 프라이트풀에게 눈치채이지 않고는.
나는 생각했다 그녀가 자유로워지고 싶어 짝을 찾고 싶어 한다고, 하지만 나는 그녀를 보낼 수 없었다.
나는 여전히 의지했다 그녀의 재능과 동행에.
게다가, 그녀는 달랐고, 내가 만약 그녀를 보내더라도, 그녀는 아마 죽임을 당했을 것이다 다른 암컷에게, 왜냐하면 프라이트풀은 영역이 없었기 때문이다 솔송나무 숲 외에는, 그리고 그녀의 사냥 본능은 훈련되어 있었다 사람을 위해.
그녀는 포획된 새였지, 야생의 새가 아니었고, 그것은 거의 또 다른 종류의 새와 같다.","From my meadow I could see the valleys turning green.
My mountain was still snow-capped, so I walked into the valleys almost every day to scout them for edible plants.
Frightful rode down with me on my shoulder.
She knew even better than I that the season had changed, and she watched the sky like radar.
No life traveled that sky world unnoticed by Frightful.
I thought she wanted to be free and seek a mate, but I could not let her.
I still depended upon her talents and company.
Furthermore, she was different, and if I did let her go, she probably would have been killed by another female, for Frightful had no territory other than the hemlock patch, and her hunting instincts had been trained for man.
She was a captive, not a wild bird, and that is almost another kind of bird."
"어느 날 나는 계곡에서 덩이뿌리를 캐고 작은 새 민들레 싹을 모으고 있었는데 프라이트풀이 또 다른 매를 보았고 내 어깨에서 번개처럼 날아올랐다, 가죽끈을 내 손에서 잡아당기며 날아가면서.","One day I was in the valley digging tubers and collecting the tiny new dandelion shoots when Frightful saw another duck hawk and flew from my shoulder like a bolt, pulling the leash from my hand as she went."
"""프라이트풀!"" 나는 불렀다.","""Frightful!"" I called."
"""넌 지금 나를 떠나면 안 돼!""
나는 휘파람을 불고, 고기 한 조각을 내밀고, 그녀가 가죽끈이 나뭇가지에 걸리지 않기를 바랐다.
그녀는 내 머리 위에서 맴돌다가, 그 매를 보고 그런 다음 내 손을 보더니, 날개를 접고, 내 주먹 위로 내려왔다.","""You can't leave me now!""
I whistled, held out a piece of meat, and hoped she would not get her leash caught in a treetop.
She hovered above my head, looked at the falcon and then at my hand, folded her wings, and dropped to my fist."
"""나는 그걸 봤어!"" 한 목소리가 말했다.
나는 돌아보았고 한 젊은이를 보았다 나와 비슷한 또래의, 숲 가장자리에서 떨고 있는.","""I saw that!"" a voice said.
I spun around to see a young man about my own age, shivering at the edge of the woods."
"""너 그 야생 소년이지, 그렇지?""","""You're the wild boy, aren't you?"""
"나는 너무나 놀랐다 인간을 보게 되어 이 모든 차갑고 녹아내리는 고요함 속에서 그저 서서 그를 바라보았다.
정신을 차리고 나서 나는 대답했다,","I was so astonished to see a human being in all this cold thawing silence that I just stood and looked at him.
When I gathered my wits I replied,"
"""아니, 나는 그냥 시민이야.""","""No, I'm just a citizen."""
"""에이, 젠장,"" 그는 실망하며 말했다.
그러고는 추위에 굴복하고 떨었다 주변의 나뭇가지들이 딸각거릴 때까지.
그는 앞으로 나섰다.","""Aw, gee,"" he said with disappointment.
Then he gave in to the cold and shivered until the twigs around him rattled.
He stepped forward."
"""뭐, 어쨌든, 나는 맷 스펠이야.
나는 방과 후에 일해 포킵시 뉴요커라는 신문사에서.
나는 읽었어 모든 기사들을 캣스킬에 사는 야생 소년에 대한, 그리고 나는 생각했어 만약 그 소년을 찾아서 좋은 기사를 쓰면, 기자가 될 수 있을 거라고.
혹시 그 소년을 만난 적 있어?
그런 소년이 정말 있어?""","""Well, anyway, I'm Matt Spell.
I work after school on the Poughkeepsie New Yorker, a newspaper.
I read all the stories about the wild boy who lives in the Catskills, and I thought that if I found him and got a good story, I might get to be a reporter.
Have you ever run across him?
Is there such a boy?"""
"""에이, 다 헛소리야,"" 나는 말하며 마른 나무를 모아 숲 가장자리 근처에 쌓았다.
나는 재빨리 불을 붙였다, 그가 부싯돌과 부싯쇠를 알아채지 않기를 바라면서.
그는 너무 춥고 불꽃을 보고 너무 기뻐서 아무 말도 하지 않았다.","""Aw, it's all nonsense,"" I said as I gathered some dry wood and piled it near the edge of the woods.
I lit it swiftly, hoping he would not notice the flint and steel.
He was so cold and so glad to see the flames that he said nothing."
"나는 통나무를 굴려 불 옆으로 가져다주고 나무에 기대놓았다 산사나무 숲이 막아주는 매서운 바람으로부터.
그는 불꽃 위에 웅크리고 앉아 오랜 시간을 보냈고, 그러고는 거의 신발 밑창을 태울 뻔했다 발을 녹이면서.
그 정도로 비참했다.","I rolled a log up to the fire for him and shoved it against a tree that was blocked from the raw biting wind by a stand of hawthorns.
He crouched over the flames for a long time, then practically burnt the soles off his shoes warming his feet.
He was that miserable."
"""왜 더 따뜻하게 입지 않았어 이런 여행에?""
나는 물었다.","""Why didn't you dress warmer for this kind of a trip?""
I asked."
"""여기 이 축축한 추위에서 죽을 수도 있어.""","""You'll die up here in this damp cold."""
"""나도 죽어가는 것 같아,"" 그는 말했다, 불에 너무 가까이 앉아서 거의 불을 꺼뜨릴 뻔했다.
그는 잘생겼고, 열세 살이나 열네 살쯤으로 보였다.
그는 좋은 대담한 얼굴을 가졌고, 파란 눈에, 머리카락은 해빙기의 내 시냇물 색깔쯤 되었다.
그는 덩치가 컸지만, 자기 힘을 모르는 부류의 사람처럼 보였다.
나는 맷이 마음에 들었다.","""I think I am dying,"" he said, sitting so close to the fire, he almost smothered it.
He was nice looking, about thirteen or fourteen, I would have said.
He had a good bold face, blue eyes, hair about the color of my stream in the thaw.
Although he was big, he looked like the kind of fellow who didn't know his own strength.
I liked Matt."
"""나 아직 샌드위치가 하나 있어,"" 그는 말했다.","""I've still got a sandwich,"" he said."
"""반 나눠 먹을래?""","""Want half?"""
"""아니, 괜찮아,"" 나는 말했다.","""No, thanks,"" I said."
"""나는 점심을 가져왔거든.""
프라이트풀은 이 모든 동안 내 어깨에 앉아 있었지만, 이제 연기가 그녀를 괴롭혀서 더 높은 횃대로 뛰어올랐다.
나는 아직 가죽끈으로 그녀를 묶고 있었다.","""I brought my lunch.""
Frightful had been sitting on my shoulder through all this, but now the smoke was bothering her and she hopped to a higher perch.
I still had her on the leash."
"""네 어깨에 새가 있었어,"" 맷이 말했다.","""There was a bird on your shoulder,"" Matt said."
"""눈이 멋지더라.
혹시 그 새를 알아?""","""He had nice eyes.
Do you know him?"""
"""나는 일종의 아마추어 매사냥꾼이야,"" 나는 대답했다.","""I'm sort of an amateur falconer,"" I replied."
"""여기 올라와서 내 새를 훈련시키는 거야.
암컷이야—프라이트풀이 이름이야.""","""I come up here to train my bird.
It's a she—Frightful is her name."""
"""그 새가 뭔가 잡아?""","""Does she catch anything?"""
"""가끔.
얼마나 배고파?"" 나는 물었다 그의 두 번째 한 입이 샌드위치를 끝내자.","""Now and then.
How hungry are you?"" I asked as his second bite finished the sandwich."
"""배가 고파 죽겠어; 하지만 네 점심을 나누지 마.
돈이 좀 있으니까, 어느 길이 델리 쪽으로 가는지만 알려줘.""","""I'm starved; but don't share your lunch.
I have some money, just tell me which road takes you toward Delhi."""
"나는 일어서서 프라이트풀에게 휘파람을 불었다.
그녀가 날아 내려왔다.
나는 그녀의 발목줄에서 가죽끈을 풀었다.
나는 잠시 그녀의 머리를 쓰다듬었다; 그런 다음 그녀를 공중으로 던지고 들판으로 걸어 나갔다, 수풀을 차며 걸으면서.","I stood up and whistled to Frightful.
She flew down.
I undid her leash from her jesses.
I stroked her head for a moment; then threw her into the air and walked out into the field, kicking the brush as I went."
"나는 일찍이 많은 토끼 발자국을 발견했었고, 진흙투성이 땅 위에서 최대한 따라갔다.
나는 토끼 한 마리를 몰아내자 프라이트풀이 몸을 비틀며 하늘에서 내려와 그것을 잡았다.","I had noticed a lot of rabbit tracks earlier, and followed them over the muddy earth as best I could.
I kicked up a rabbit and with a twist Frightful dropped out of the sky and took it."
"토끼 구이는 어떤 상황에서도 훌륭하지만, 춥고 배고플 때는 최고다.
맷은 한 입 한 입을 즐겼다.
나는 적은 양을 먹었다 사교적으로, 왜냐하면 나는 특별히 배가 고프지 않았기 때문이다.
나는 감히 호두를 꺼내줄 수 없었다 주머니 속의, 왜냐하면 너무 많은 글이 쓰여졌으니까 그 소년이 견과류로 살아간다는.","Roast rabbit is marvelous under any conditions, but when you're cold and hungry it is superb.
Matt enjoyed every bite.
I worked on a small portion to be sociable, for I was not especially hungry.
I dared not offer him the walnuts in my pocket, for too much had been written about that boy living off nuts."
"""내 온 순환계가 감사하다고 해,"" 맷이 말했다.
그는 진심이었다, 왜냐하면 그의 손과 발이 이제 따뜻해졌고, 파란 색이 입술에서 사라지고 좋은 따뜻한 붉은색으로 바뀌었으니까.","""My whole circulatory system thanks you,"" Matt said.
He meant it, for his hands and feet were now warm, and the blue color had left his lips and was replaced by a good warm red."
"""그런데, 이름이 뭐야?""","""By the way, what's your name?"""
"""샘. 샘 그리블리,"" 나는 말했다.","""Sam. Sam Gribley,"" I said."
"""샘, 만약 코트를 하나 빌릴 수 있다면 너한테, 나는 버스 정류장까지 갈 수 있을 것 같아 얼어 죽지 않고.
산에서 이렇게 훨씬 더 추울 줄은 정말 몰랐어.
우편으로 돌려보낼 수 있어.""","""Sam, if I could borrow a coat from you, I think I could make it to the bus station without freezing to death.
I sure didn't think it would be so much colder in the mountains.
I could mail it back to you."""
"""글쎄,"" 나는 망설이며, ""우리 집은 여기서 꽤 멀어.
나는 그리블리 농장에 살고 가끔 여기 내려와서 매로 사냥할 뿐이야; 하지만 아마 오래된 말 담요 같은 걸 찾을 수 있을 거야 이 근처 버려진 헛간 중 하나에서.""","""Well,"" I hesitated, ""my house is pretty far from here.
I live on the Gribley farm and just come down here now and then to hunt with the falcon; but maybe we could find an old horse blanket or something in one of the deserted barns around here."""
"""에이, 됐어, 샘.
뛰어서 몸을 녹일게.
혹시 이 야생 소년에 대해 생각이 있어—그 이야기들이 가리키는 것 같은 사람을 본 적 있어?""","""Aw, never mind, Sam.
I'll run to keep warm.
Have you any ideas about this wild boy—seen anyone that you think the stories might be referring to?"""
"""도로 쪽으로 출발하자,"" 나는 말하며 불을 꺼버렸다.
나는 그를 숲 사이로 이끌었다 내가 어지러워지고 그가 길을 잃을 때까지, 그런 다음 도로로 향했다.
숲 가장자리에서 나는 말했다,","""Let's start toward the road,"" I said as I stamped out the fire.
I wound him through the forest until I was dizzy and he was lost, then headed for the road.
At the edge of the woods I said,"
"""맷, 나는 그 소년을 본 적이 있어.""","""Matt, I have seen that boy."""
"맷 스펠은 걸음을 멈추었다.","Matt Spell stopped."
"""와, 샘, 그 소년에 대해 말해줘.""
나는 종이가 바스락거리는 소리를 들었고, 맷의 차가운 손이 노트에 쓰기에 굳지 않았음을 보았다.","""Gee, Sam, tell me about him.""
I could hear paper rattle, and saw that Matt's cold hands were not too stiff to write in his notebook."
"우리는 길을 좀 걸었고 그러고 나서 나는 말했다,","We walked down the road a bit and then I said,"
"""글쎄, 그 소년은 어느 날 집에서 도망쳤고 다시는 돌아가지 않았어.""","""Well, he ran away from home one day and never went back."""
"""어디에 살아?
뭘 입어?""","""Where does he live?
What does he wear?"""
"우리는 도로 가장자리의 돌 위에 앉았다.
그것은 소나무 뒤에 있었고, 찢어지는 바람을 피할 수 있었다.","We sat down on a stone along the edge of the road.
It was behind a pine tree, and out of the ripping wind."
"""그는 여기서 서쪽에 산다 동굴에서.
그는 곰가죽 코트를 입고, 긴 머리카락을 하고 있어—엉키고 도꼬마리 열매가 가득한—그리고 그에 따르면 낚시로 생계를 유지해.""","""He lives west of here in a cave.
He wears a bearskin coat, has long hair—all matted and full of burrs—and according to him he fishes for a living."""
"""그 소년과 이야기했어?"" 그는 밝게 물었다.","""You've talked to him?"" he asked brightly."
"""오, 그래, 나는 그와 이야기해.""","""Oh, yes, I talk to him."""
"""오, 이거 대단해!""
그는 열정적으로 적었다.","""Oh, this is great!""
He wrote furiously."
"""눈 색깔이 뭐야?""","""What color are his eyes?"""
"""내 생각에 푸르스름한 회색이야, 약간의 갈색이 섞인.""","""I think they are bluish gray, with a little brown in them."""
"""머리카락은?""","""His hair?"""
"""거무스름해—정확히 말하기 어려웠어 그 너구리 꼬리들 아래로는.""","""Darkish—I couldn't really tell under all those coon tails."""
"""너구리 꼬리?
혹시 직접 잡은 것 같아?""","""Coon tails?
Do you suppose he killed them himself?"""
"""아니.
시리얼 상자 뚜껑으로 받는 모자 중 하나처럼 보였어.""","""No.
It looked more like one of those hats you get with cereal box tops."""
"""그럼, 그건 쓰지 않을게; 그냥, 너구리 꼬리 모자라고만.""","""Well, I won't say anything about it then; just, coon-tail hat."""
"""응, 너구리 꼬리 모자면 충분해,"" 나는 동의했다.","""Yeah, coon-tail hat's enough,"" I agreed."
"""그리고 내 생각에 그의 신발은 그냥 신문지를 발에 감은 거였어.
그게 좋은 단열재거든, 알지.""","""And I think his shoes were just newspapers tied around his feet.
That's good insulation, you know."""
"""그래?""
맷은 그것을 적었다.","""Yeah?""
Matt wrote that down."
"""그가 왜 도망쳤는지 말했어?""","""Did he say why he ran away?"""
"""나는 물어본 적 없어.
왜 어떤 소년이든 도망치는 건데?""","""I never asked him.
Why does any boy run away?"""
"맷은 연필을 내려놓고 생각했다.","Matt put down his pencil and thought."
"""글쎄, 나는 한번 가출한 적이 있어 왜냐하면 내가 없어지면 모두가 얼마나 미안해할지 생각했거든.
그들이 얼마나 울고 나에게 더 잘해줬으면 좋았을 걸 하고 바랄지.""
그는 웃었다.","""Well, I ran away once because I thought how sorry everybody would be when I was gone.
How they'd cry and wish they'd been nicer to me.""
He laughed."
"그러고 나서 나는 말했다,","Then I said,"
"""나는 한번 가출한 적이 있어 왜냐하면 . . . 글쎄, 왜냐하면 다른 뭔가를 하고 싶었거든.""","""I ran away once because . . . well, because I wanted to do something else."""
"""그건 좋은 이유야,"" 맷이 말했다.","""That's a good reason,"" said Matt."
"""혹시 그게 그 이유일까 . . . 그런데, 그 소년 이름이 뭐야?""","""Do you suppose that's why . . . by the way, what is his name?"""
"""나는 물어본 적 없어,"" 나는 솔직하게 말했다.","""I never asked him,"" I said truthfully."
"""그가 정말로 뭘 먹고 뭘 먹고 사는 것 같아?"" 맷이 물었다.","""What do you suppose he really eats and lives on?"" asked Matt."
"""물고기, 뿌리, 열매, 견과류, 토끼.
숲 주변에 많은 음식이 있어 찾아보면, 아마도.""","""Fish, roots, berries, nuts, rabbits.
There's a lot of food around the woods if you look for it, I guess."""
"""뿌리?
뿌리는 맛없을 텐데.""","""Roots?
Roots wouldn't be good."""
"""글쎄, 당근이 뿌리잖아.""","""Well, carrots are roots."""
"""맙소사, 그렇네; 그리고 감자도 그렇지, 일종의.
물고기?"" 맷이 곰곰이 생각했다.","""By golly, they are; and so are potatoes, sort of.
Fish?"" pondered Matt."
"""이 근처에 물고기가 많을 것 같은데.""","""I suppose there are lots of fish around here."""
"""시내에 가득해.""","""The streams are full of them."""
"""정말로 그를 봤어, 응?
그가 정말로 이 산에 있어?""","""You've really seen him, huh?
He really is in these mountains?"""
"""그럼, 봤어,"" 나는 말했다.
마침내 나는 일어섰다.","""Sure, I've seen him,"" I said.
Finally I stood up."
"""나 집에 가야 해.
나는 반대쪽으로 가.
이 도로만 따라가면 마을이 나오고, 거기서 버스를 탈 수 있을 거야.""","""I gotta get home.
I go the other way.
You just follow this road to the town, and I think you can get a bus from there."""
"""잠깐,"" 그가 말했다.","""Now, wait,"" he said."
"""다시 읽어볼게 내용을 확인하려고.""","""Let me read it back to you to check the details."""
"""그래.""","""Sure."""
"맷은 일어서서, 손에 입김을 불고 읽었다:","Matt stood up, blew on his hands and read:"
"""캣스킬의 야생 소년은 실재한다.
그는 짙은 갈색 머리카락에, 검은 눈을 가지고 있으며, 멋진 사슴가죽 옷을 입고 있다 분명 직접 만든.
그는 혈색이 좋고 매우 건강하며 부싯돌과 부싯쇠로 불을 붙일 수 있다 사람이 성냥을 켜는 것만큼 빠르게.","""The wild boy of the Catskills does exist.
He has dark brown hair, black eyes, and wears a handsome deerskin suit that he apparently made himself.
He is ruddy and in excellent health and is able to build a fire with flint and steel as fast as a man can light a match."
"그의 실제 거처는 비밀이지만, 그의 생계 수단은 아름다운 매이다.
매는 소년의 주먹에서 날아올라, 토끼와 꿩을 잡는다 소년이 음식이 필요할 때.
그는 필요한 만큼만 취한다.
소년의 이름은 알려져 있지 않지만, 그는 집에서 도망쳤고 다시는 돌아가지 않았다.""","His actual dwelling is a secret, but his means of support is a beautiful falcon.
The falcon flies off the boy's fist, and kills rabbits and pheasants when the boy needs food.
He only takes what he needs.
The boy's name is not known, but he ran away from home and never went back."""
"""안 돼, 맷, 안 돼,"" 나는 애원했다.","""No, Matt, no,"" I begged."
"나는 그와 힘으로 겨루려 하려던 참이었는데 그가 은밀하게 말했다,","I was about to wrestle it out with him when he said furtively,"
"""거래를 하자.
봄 방학을 나와 함께 보내게 해주면 한 마디도 인쇄하지 않을게.
네가 말해준 것만 쓸게.""","""I'll make a deal with you.
Let me spend my spring vacation with you and I won't print a word of it.
I'll write only what you've told me."""
"나는 그를 바라보며 그가 오면 좋겠다고 결정했다.
나는 말했다,","I looked at him and decided that it might be nice to have him.
I said,"
"""마을 밖에서 네가 말하는 날 아무 때나 만나줄게, 단 네가 눈가리개를 하고 내가 집까지 데려가게 해주고 사진기자들을 숲에 숨겨놓지 않겠다고 약속하면.
내가 발각되면 어떤 일이 벌어질지 알아?""","""I'll meet you outside town any day you say, providing you let me blindfold you and lead you to my home and providing you promise not to have a lot of photographers hiding in the woods.
Do you know what would happen if you told on me?"""
"""물론, 뉴스릴 촬영팀이 몰려오고, TV 카메라가 도착하고, 기자들이 나무에 매달리고, 너는 유명해지겠지.""","""Sure, the newsreels would roll up, the TV cameras would arrive, reporters would hang in the trees, and you'd be famous."""
"""그래, 그리고 뉴욕시로 돌아가게 되겠지?""","""Yes, and back in New York City?"""
"""네가 말한 대로 쓸게 그러면 네 엄마도 너를 못 알아볼 거야.""","""I'll write what you said and not even your mother will recognize you."""
"""다른 도시로 해줘, 그러면 거래 성립이야,"" 나는 말했다.","""Make it some other town, and it's a deal,"" I said."
"""내가 민방위에서 일하고 있다고 해도 돼 자연에서 살아남는 법을 배우며 연구하는.
그들에게 두려워하지 말라고 해, 가재가 맛있고 동굴이 따뜻하다고.""","""You might say I am working for Civil Defense doing research by learning to live off the land.
Tell them not to be afraid, that crayfish are delicious and caves are warm."""
"맷은 그게 마음에 들었다.
그는 쓰고 또 썼다.
마침내 그가 말했다,","Matt liked that.
He wrote and wrote.
Finally he said,"
"""손이 차가워.
가야겠어.
하지만 4월 12일 세 시 반에 마을 밖에서 보자.
알겠지?
그리고 내가 약속을 지키는 사람이라는 걸 증명하기 위해, 내가 쓴 것의 사본을 가져올게.""","""My hands are cold.
I'd better go.
But I'll see you on April twelfth at three-thirty outside of town.
Okay?
And just to prove that I'm a man of my word, I'll bring you a copy of what I write."""
"""글쎄, 나를 발설하지 않는 게 좋을 거야.
나에게는 문명 세계에 정찰병이 있어서 이런 기사들을 다 추적하거든.""","""Well, you better not give me away.
I have a scout in civilization who follows all these stories."""
"우리는 악수하고 그는 빠른 걸음으로 떠났다.","We shook hands and he departed at a brisk pace."
"나는 산 위의 내 구역으로 돌아갔다, 내내 혼잣말을 하면서.
나는 혼잣말을 많이 하지만, 누구나 그렇다.
인간이라는 존재는, 사람들 한가운데에 있을 때조차, 시간의 십분의 구를 보낸다 자기 머릿속의 사적인 목소리들과 홀로.
산에서 혼자 사는 것은 크게 다르지 않다, 다만 말하는 목소리가 녹슬 뿐이다.
나는 집으로 가는 내내 머릿속으로 이야기했다, 계략을 생각해내고, 반도와 아빠와 맷 스펠과 대화를 나누면서.
나는 맷을 위한 기사를 작성했다 반도와 상의한 후에, 그리고 매우 설득력 있게 만들었다 나 자신을 드러내지 않으면서.
나는 좀 그것을 적어서 맷에게 보내고 싶었지만, 그러지 않았다.","I returned to my patch on the mountain, talking to myself all the way.
I talk to myself a lot, but everyone does.
The human being, even in the midst of people, spends nine-tenths of his time alone with the private voices of his own head.
Living alone on a mountain is not much different, except that your speaking voice gets rusty.
I talked inside my head all the way home, thinking up schemes, holding conversations with Bando and Dad and Matt Spell.
I worded the article for Matt after discussing it with Bando, and made it sound very convincing without giving myself up.
I kind of wanted to write it down and send it to Matt, but I didn't."
"나는 내 나무에 들어가, 프라이트풀을 침대 기둥에 묶었고, 거기에 제시 쿤 제임스가 있었다.
그를 본 지 몇 달이 지났었다.
그는 내 침대 위에서 웅크리고 잠들어 있었다.
깨진 호두로 가득했던 거북이 등껍데기 그릇이 그 옆에 비어 있었다.
그는 깨어나, 바닥으로 뛰어내리고, 내 다리 사이로 천천히 걸어서 문 밖으로 나갔다.
나는 느낌이 들었다 제시가 내가 영영 떠나버리길 바랐고 자기가 내 굴을 차지할 수 있기를 바란다는.
그는 안락을 사랑하는 생물이었다.
나는 더 크고 손이 그보다 자유로웠으므로, 그는 나에게 굴을 양보했다.
나는 그가 바론의 바위를 넘어 솔송나무를 타고 올라가는 것을 지켜보았다.
그는 무겁게 가지 사이로 이동했고, 나에게 떠올랐다 제시가 암컷이라는 것이—제시는 수컷이 아니라 암컷이라는 것이.","I entered my tree, tied Frightful to the bedpost, and there was Jessie Coon James.
It had been months since I'd seen him.
He was curled up on my bed, asleep.
A turtle shell that had been full of cracked walnuts was empty beside him.
He awoke, jumped to the floor, and walked slowly between my legs and out the door.
I had the feeling Jessie was hoping I had departed for good and that he could have my den.
He was a comfort-loving creature.
I was bigger and my hands were freer than his, so he conceded me the den.
I watched him climb over The Baron's rock and shinny up a hemlock.
He moved heavily into the limbs, and it occurred to me that Jessie was a she—Jessie, not a he—Jessie."
"나는 저녁을 만들고, 작은 불 옆에 앉아 토론회를 소집했다.
내 머릿속은 매우 사교적이고, 나는 많은 사람들이 함께 토론하게 하는 기술을 완성했다 조용히 또는 토론회로서, 내가 부르기 좋아하는 대로.
나는 네 사람이 동시에 이야기하게 할 수 있고, 다섯 번째가 참석할 수는 있지만, 보통 그를 말하게 할 수는 없다.
보통 이 토론회들은 이런 것들을 논의한다 폭풍이 오는지 아닌지, 봄 옷을 어떻게 만들지, 그리고 나무의 생명을 파괴하지 않고 집을 어떻게 넓힐지.
하지만 오늘 밤은, 그들은 맷 스펠을 어떻게 할지를 논의했다.
아빠는 계속 내게 당장 시내로 내려가서 그가 아무것도 발표하지 못하게 하라고 했다, 지어낸 이야기조차도.
반도는, 아니야, 괜찮아, 그는 아직 네가 어디 사는지 모르잖아, 라고 했다; 그러자 맷이 대화에 걸어 들어와서 봄 방학을 나와 함께 보내고 싶다고 했고, 부적절한 일은 하지 않겠다고 약속했다.
맷은 계속 ""부적절한""을 사용했다—어디서 그 표현을 얻었는지 모르겠지만, 그는 그것을 좋아해서 계속 사용했다—그래서 맷이 말하고 있다는 걸 알 수 있었다; 모든 것이 ""부적절한""이었다.","I cooked supper, and then sat down by my little fire and called a forum.
It is very sociable inside my head, and I have perfected the art of getting a lot of people arguing together in silence or in a forum, as I prefer to call it.
I can get four people all talking at once, and a fifth can be present, but generally I can't get him to talk.
Usually these forums discuss such things as a storm and whether or not it is coming, how to make a spring suit, and how to enlarge my house without destroying the life in the tree.
Tonight, however, they discussed what to do about Matt Spell.
Dad kept telling me to go right down to the city and make sure he published nothing, not even a made-up story.
Bando said, no, it's all right, he still doesn't know where you live; and then Matt walked into the conversation and said that he wanted to spend his spring vacation with me, and that he promised not to do anything untoward.
Matt kept using ""untoward""—I don't know where he got that expression, but he liked it and kept using it—that's how I knew Matt was speaking; everything was ""untoward."""
"그날 밤 나는 잠들었다 이 모든 사람들이 내가 발각되어 도시로 끌려갈 가능성을 논의하는 가운데.
갑자기 프라이트풀이 대화에 끼어들었다.
그녀가 말했다,","That night I fell asleep with all these people discussing the probability of my being found and hauled back to the city.
Suddenly Frightful broke into the conversation.
She said,"
"""그 맷을 여기 오게 하지 마.
그는 너무 많이 먹어.""","""Don't let that Matt come up here.
He eats too much."""
"그것이 처음이었다 프라이트풀이 토론회에서 말한 것이.
나는 기뻤다, 왜냐하면 나는 항상 확신했기 때문이다 그녀가 몇 마디 울음소리보다 할 말이 더 많다는 것을.
그녀는 맷의 식욕을 놓치지 않았다.","That was the first time that Frightful had ever talked in a forum.
I was delighted, for I was always sure that she had more to say than a few cries.
She had not missed Matt's appetite."
"토론회는 좋은 분위기 속에 해산되었다, 모두가 프라이트풀에 기뻐하면서.
나는 머리를 들어 그녀를 바라보았다.
그녀는 부리를 등 깃털에 파묻고, 깊이 잠들어 있었다.","The forum dissolved in a good humor, everyone being delighted with Frightful.
I lifted my head to look at her.
She had her beak in the feathers of her back, sound asleep."
"하지만 그녀는 내 머릿속에서 말했다, 그리고 말했다,","She spoke in my head, however, and said,"
"""넌 사실 발견되고 싶은 거야, 아니면 맷에게 그 모든 걸 말하지 않았을 거야.""","""You really want to be found, or you would not have told Matt all you did."""
"""네가 말을 안 할 때가 더 좋아,"" 나는 말하고, 사슴 가죽을 덮고, 깊은 잠에 빠졌다.","""I like you better when you don't talk,"" I said, pulled the deer hide over me, and fell into a deep sleep."
"그 안에서
나는 결말에 협조한다","IN WHICH
I Cooperate with the Ending"
"3월 중순쯤이면 나는 너에게 봄이라고 말해줄 수 있었을 것이다
보지 않고도.","By the middle of March I could have told you it was spring
without looking."
"제시는 더 이상 찾아오지 않았다;
그녀는 열린 개울의 풍성한 물에서 낚시를 하고 있었다;
그녀는 아기들로 가득한 나무 구멍으로 돌아가고 있었다.","Jessie did not come around anymore;
she was fishing the rewarding waters of the open stream;
she was returning to a tree hollow full of babies."
"바론 위즐은 들르지 않았다.","The Baron Weasel did not come by."
"그를 바쁘게 해줄 도롱뇽과 개구리가 있었다.","There were salamanders and frogs to keep him busy."
"박새들은 혼자 노래했고,
겨울 무리가 아닌,
그리고 스컹크와 밍크와 여우는 먹이를 더 풍부하게 찾았다
숲에서 내 나무집에서보다.","The chickadees sang alone,
not in a winter group,
and the skunks and minks and foxes found food more abundant
in the forest than at my tree house."
"우리 모두를 겨울에 한데 모이게 했던 상황들은
더 이상 존재하지 않았다.","The circumstances that had brought us all together in the winter
were no more."
"땅 위에 먹을 것이 있었고
눈은 사라져 가고 있었다.","There was food on the land
and the snow was slipping away."
"4월이 되자 나는 더 이상 저장고에 의존해 살지 않았다.","By April I was no longer living off my storehouse."
"구근, 덩이줄기, 그리고 푸른 잎채소를 구할 수 있었다.","There were bulbs, tubers, and greens to be had."
"식사는 다시 한번 다양해졌다.","Meals were varied once more."
"개구리 다리, 달걀, 그리고 거북이 수프가
내 식탁 위에 있었다.","There were frogs' legs, eggs, and turtle soup
on my table."
"나는 다시 샘물에서 목욕했다
거북이 등껍질에 데운 눈 대신.","I took my baths in the spring again
rather than in the turtle shell with warmed-over snow."
"나는 규칙적으로 뛰어들었다
샘물의 얼음물 속으로—
소리를 지르며 숨이 폐에서 빼앗기는 동안.","I plunged regularly
into the ice water of the spring—
shouting as my breath was grabbed from my lungs."
"나는 몸을 문질러 씻고, 나무집으로 달려가서,
불 앞에서 몸을 말렸다,
소리를 지르며 옷 속으로 들어서면서.","I scrubbed, ran for my tree,
and dried myself before the fire,
shouting as I stepped into my clothes."
"그러면 나는 노래를 부르곤 했다.","Then I would sing."
"나는 목욕 후에 많은 멋진 노래들을 지어냈는데,
그중 하나를 한 남자에게 가르쳐 주었다
어느 날 협곡 꼭대기를 따라 하이킹하고 있던.","I made up a lot of nice songs after my bath,
one of which I taught to a man
who was hiking along the top of the gorge one day."
"그는 자기 이름이 아론이라고 했고,
그는 조용하고 키가 컸다.","He said his name was Aaron,
and he was quiet and tall."
"나는 그가 절벽 가장자리에 앉아 있는 것을 발견했다,
계곡 건너편을 바라보며.","I found him sitting on the edge of the cliff,
looking across the valley."
"그는 작은 곡조를 흥얼거리고 있었다.","He was humming little tunes."
"그는 슬픈 미소를 짓고 있었는데
그것은 결코 사라지지 않았다.","He had a sad smile
that never went away."
"나는 그에게서 숨을 필요가 없을 것이라는 걸 알았다
그를 보는 것만으로도,
그래서 걸어가서 그 옆에 앉았다.","I knew I would not have to hide from him
just by looking at him,
so I walked up and sat down beside him."
"나는 그에게 내 ""찬물 노래""를 가르쳐 주었다.","I taught him my ""cold water song."""
"나는 그가 노래를 쓴다는 것을 알게 되었고
그가 뉴욕에서 왔다는 것도.","I learned he wrote songs
and that he was from New York."
"그는 유월절 축제를 위해 캣스킬에 왔었고
그날 하루 동안 혼자 떠돌아다닌 것이었다.","He had come to the Catskills for the Passover festivities
and had wandered off for the day."
"그는 막 돌아가려던 참이었다
내가 앉아서 말했을 때, ""당신이 흥얼거리는 걸 들었어요.""","He was about to go back
when I sat down and said, ""I heard you humming."""
"""그래,"" 그가 말했다.","""Yes,"" he said."
"""흥얼거리기를 많이 하지.","""Hum a good deal."""
"넌 흥얼거릴 수 있니?""","Can you hum?"""
"""네,"" 나는 대답했다.","""Yes,"" I replied."
"""저도 흥얼거릴 수 있어요.","""I can hum."""
"저도 흥얼거리기를 많이 하고요,
심지어 노래도 해요,
특히 아침에 샘물에서 나올 때.","I hum a good deal, too,
and even sing,
especially when I get out of the spring in the morning."
"그때는 정말로 크게 노래를 불러요.""","Then I really sing aloud."""
"""크게 노래하는 거 한번 들어보자.""","""Let's hear you sing aloud."""
"그래서 나는 말했다,
해가 머리 위에 비치는 것이 아주 편안하게 느껴지면서,
""좋아요, 제 찬물 노래를 불러 드릴게요.""","So I said,
feeling very relaxed with the sun shining on my head,
""All right, I'll sing you my cold water song."""
"""마음에 드는걸,"" 아론이 말했다.","""I like that,"" Aaron said."
"""다시 한번 불러 봐.""","""Sing it again."""
"그래서 나는 그렇게 했다.","So I did."
"""몇 가지 변경을 제안해도 될까.""","""Let me suggest a few changes."""
"그는 가사에 맞게 몇 단어를 바꾸고
곡에 맞게 가사를 바꾸었고,
그러고 나서 우리 둘 다 그것을 불렀다.","He changed a few words to fit the tune
and the tune to fit the words,
and then we both sang it."
"""흠 흠 흠 디 부분을 써도 될까?"" 그가 이윽고 물었다.","""Mind if I use the hum hum hum dee part?"" he asked presently."""
"""전부 다 쓰셔도 돼요,"" 나는 말했다.","""You can use it all,"" I said."
"""곡조는 여기 위에서는 공짜예요.","""Tunes are free up here."""
"저건 붉은눈비레오에게서 배운 거예요.""","I got that from the red-eyed vireo."""
"그는 몸을 일으켜 앉으며 말했다,
""여기 위에서 불리는 다른 노래들은 뭐가 있어?""","He sat up and said,
""What other songs are sung up here?"""
"나는 검은머리 브래킷 씨의 ""박새"" 노래를 휘파람으로 불러 주었다;
그리고 개똥지빠귀의 폭포 노래를.","I whistled him the ""chickadee"" song of the black-capped Mr. Bracket;
and the waterfall song of the wood thrush."
"그는 카드를 꺼내서 다섯 줄을 긋고,
작은 표시들을 적었다.","He took out a card, lined it with five lines,
and wrote in little marks."
"나는 햇볕 아래 누워서
갈색지빠귀의 노래와
바로미터인 동고비의 노래를 흥얼거렸다.","I stretched back in the sun
and hummed the song of the brown thrasher
and of Barometer, the nuthatch."
"그러고 나서 나는 큰뿔올빼미의 노래를 크게 울리고
멈추었다.","Then I boomed out the song of the great horned owl
and stopped."
"""그 정도면 충분하지 않나요?"" 나는 물었다.","""That's enough, isn't it?"" I asked."
"""그런 것 같군.""","""I guess so."""
"그는 누워서 기지개를 켜고,
나뭇잎 사이를 올려다보며 말했다,
""이걸로 뭔가를 만들면,
다시 와서 연주해 줄게.","He lay back and stretched,
looked into the leaves, and said,
""If I do something with this,
I'll come back and play it to you."
"내 휴대용 오르간을 가져올게.""","I'll bring my portable organ."""
"""좋아요,"" 나는 말했다.","""Fine,"" I said."
"그러고 나서, 졸린 침묵 후에, 그가 말했다,
""이번 여름에 이 근처에 있을 거야?""","Then, after a drowsy pause, he said,
""Will you be around these parts this summer?"""
"""있을 거예요,"" 나는 말했다.","""I'll be around,"" I said."
"아론은 잠이 들었고,
나는 햇볕 아래에서 뒤집어 누웠다.","Aaron fell asleep,
and I rolled over in the sun."
"나는 그가 좋았다.","I liked him."
"그는 나에게 개인적인 질문을 하나도 하지 않았다.","He hadn't asked me one personal question."
"이상하게도, 그것이 나를 기쁘게 하는지 아닌지
확신이 서지 않았다.","Oddly enough, I wasn't sure
whether that made me glad or not."
"그때 나는 프라이트풀이 내 머릿속에서 했던 말을 떠올렸다,
""넌 발견되고 싶어하는 거야,""
그리고 나는 궁금해지기 시작했다.","Then I thought of the words Frightful had spoken in my head,
""You want to be found,""
and I began to wonder."
"나는 한 사람을 찾아 나섰던 것이다.","I had sought out a human being."
"이것은 1년 전에는 일어나지 않았을 일이다.","This would not have happened a year ago."
"나는 잠이 들었다.","I fell asleep."
"내가 깨어났을 때, 아론은 가고 없었고
프라이트풀이 내 주위를 돌고 있었다.","When I awoke, Aaron was gone
and Frightful was circling me."
"그녀는 내가 움직이는 것을 보고, 급강하해서,
내 옆 바위 위에 앉았다.","She saw me stir, swooped in,
and sat on a rock beside me."
"나는 ""안녕""이라고 말했지만 일어나지 않고,
그냥 가만히 누워 새 소리를 들었다,
마른 낙엽 사이에서 움직이는 곤충들의 톡톡거리는 소리를,
그리고 새로 잎이 나는 나무들을 흔드는 바람을.","I said, ""Hi,"" but did not get up,
just lay still listening to the birds,
the snips and sputters of insects moving in the dry leaves,
and the air stirring the newly leafing trees."
"내 머릿속에는 아무 생각도 없었다.","Nothing went on in my head."
"편안하게 비어 있었다.","It was comfortably blank."
"나는 통나무 위의 도마뱀의 즐거움을 알았다
다음 끼니가 어디서 올지 아는.","I knew the pleasures of the lizard on the log
who knows where his next meal is coming from."
"나는 또한 그의 지루함도 알았다.","I also knew his boredom."
"한 시간 후에 나는 한 가지 생각이 떠올랐다.","After an hour I did have a thought."
"아론은 유월절을 위해 캣스킬에 왔다고 했었다.","Aaron had said that he was up in the Catskills for Passover."
"그러면 부활절도 가까울 것이고,
맷이 곧 올 것이었다.","Then it must also be near Easter,
and Matt would be coming soon."
"나는 몇 주 동안 눈금을 세지 않았었다.","I had not counted notches in weeks."
"차가운 그림자가 내 얼굴을 스쳐 지나갔고
나는 일어서서,
프라이트풀에게 내 손으로 오라고 휘파람을 불고,
천천히 집으로 돌아갔다,
주머니에 스프링뷰티 구근을 채워 넣으며 가면서.","A cool shadow crossed my face
and I arose,
whistled for Frightful to come to my hand,
and wandered slowly home,
stuffing my pockets with spring beauty bulbs as I went."
"며칠 뒤 나는 27번 도로에서 세 시 반에 맷을 만났다.","Several days later I met Matt on Route 27 at three-thirty."
"나는 그의 손수건을 그의 눈에 묶고
비틀거리고 넘어지는 그를 이끌고 산을 올라갔다.","I tied his handkerchief around his eyes
and led him, stumbling and tripping, up the mountain."
"나는 거의 곧장 집으로 갔다.","I went almost directly home."
"나는 그가 가는 길을 기억하든 말든
별로 신경 쓰지 않았던 것 같다.","I guess I didn't much care
if he remembered how to get there or not."
"내가 눈가리개를 벗겼을 때,
그는 주위를 둘러보았다.","When I took off the blindfold,
he looked around."
"""여기가 어디야?""","""Where are we?"""
"네 집은 어디 있어?""","Where's your house?"""
"나는 앉아서 그에게도 앉으라고 손짓했다.","I sat down and motioned him to sit."
"그는 기꺼이 그렇게 했다—
사실, 그는 털썩 주저앉았다.","He did so with great willingness—
in fact, he flopped."
"""뭐 위에서 자는 거야, 땅바닥에서?""","""What do you sleep on, the ground?"""
"나는 솔송나무 안에서
바람에 펄럭이는 사슴 가죽 덮개를 가리켰다.","I pointed to the deerskin flaps
moving in the wind in the hemlock."
"""뭐하는 거야, 나무에서 사는 거야?""","""Whaddaya do, live in a tree?"""
"""그래.""","""Yep."""
"맷은 벌떡 일어섰고 우리는 안으로 들어갔다.","Matt bounced to his feet and we went in."
"나는 문을 열어 빛이 안으로 쏟아지게 했고,
그는 기쁨에 소리를 질렀다.","I propped the door open so that the light streamed in,
and he shouted with joy."
"나는 수지 초에 불을 붙이고
우리는 모든 것을 살펴보았고,
각 발명품을 볼 때마다 그는 감탄을 질렀다.","I lit the tallow candle and we went over everything,
and each invention he viewed
with a shout."
"내가 야생 포도잎에 구운 송어를 준비하는 동안,
맷은 침대에 앉아서
세상 뉴스를 간단히 전해 주었다.","While I prepared trout baked in wild grape leaves,
Matt sat on the bed
and told me the world news in brief."
"나는 유럽의 문제들,
극동의 문제들,
미국의 문제들에 귀를 기울여 들었다.","I listened with care to the trouble in Europe,
the trouble in the Far East,
the trouble in America."
"또한 몇 건의 선정적인 살인 사건들,
약간의 야구 점수들,
그리고 그의 성적표도.","Also to a few sensational murders,
some ball scores,
and his report card."
"""그게 다 내 주장을 증명해,"" 나는 현명한 척 말했다.","""It all proves my point,"" I said sagely."
"""사람들은 너무 가까이 모여 산다.""","""People live too close together."""
"""그래서 여기에 있는 거야?""","""Is that why you are here?"""
"""음, 정확히는 아니야.","""Well, not exactly."""
"주된 이유는 내가 의존하는 걸 싫어하기 때문이야,
특히 전기, 철도, 증기, 석유, 석탄, 기계들,
그리고 고장 날 수 있는 그 모든 것들에.""","The main reason is that I don't like to be dependent,
particularly on electricity, rails, steam, oil, coal, machines,
and all those things that can go wrong."""
"""음, 그래서 여기 위에 있는 거야?""","""Well, is that why you are up here?"""
"""글쎄, 정확히는 아니야.","""Well, not exactly."""
"어떤 사람들은 에베레스트 산에 올랐어
그것이 거기 있었으니까.","Some men climbed Mount Everest
because it was there."
"여기에는 야생이 있어.""","Here is a wilderness."""
"""그게 이유야?""","""Is that why?"""
"""아, 그만해, 맷.","""Aw, come on, Matt."""
"저 매 보여?","See that falcon?"
"저 흰목참새 소리 들려?","Hear those white-throated sparrows?"
"저 스컹크 냄새 맡아?","Smell that skunk?"
"그래, 매는 하늘을 차지하고,
흰목참새는 낮은 덤불을 차지하고,
스컹크는 땅을 차지하고,
너는 신문사를 차지하고,
나는 숲을 차지하는 거야.""","Well, the falcon takes the sky,
the white-throated sparrow takes the low bushes,
the skunk takes the earth,
you take the newspaper office,
I take the woods."""
"""외롭지 않아?""","""Don't you get lonely?"""
"""외롭다고?","""Lonely?"""
"도착한 이후로 조용한 순간이 거의 없었는걸.","I've hardly had a quiet moment since arriving."
"기자 노릇 그만하고 밥이나 먹자.","Stop being a reporter and let's eat."
"게다가, 도시에는 나보다 더 외로운 사람들이 있어.""","Besides, there are people in the city who are lonelier than I."""
"나는 이 모든 것에 줄을 그었고 그리고 나서 이렇게 썼다:","I drew a line through all this and then I wrote:"
"""나는 바론 위즐을 보지 못했다.","""I haven't seen The Baron Weasel."""
"그가 바위 옆 굴을 버린 것 같다.","I think he has deserted his den by the boulder."
"개똥지빠귀가 근처에 둥지를 틀고 있다.","A catbird is nesting nearby."
"분명히 프라이트풀이 때때로 묶여 있다는 것을 알게 된 것 같다,
왜냐하면 줄이 채워져 있을 때
벽난로 바로 앞까지 음식 찌꺼기를 먹으러 오기 때문이다.""","Apparently it has learned that Frightful is tied some of the time,
because it comes right up to the fireplace for scraps
when the leash is snapped."""
"나는 이것에도 줄을 그었고,
나머지 나무껍질 조각을
프라이트풀 그림으로 채웠다.","I drew a line through this too,
and filled up the rest of the piece of bark
with a drawing of Frightful."
"나는 다음 날 도서관에 가서 책 네 권을 빌렸다.","I went to the library the next day and took out four books."
"아론이 다시 왔다.","Aaron came back."
"그는 솔송나무 숲으로 바로 와서 불렀다.","He came right to the hemlock forest and called."
"나는 그가 내가 거기 있다는 것을 어떻게 알았는지 묻지 않았다.","I didn't ask him how he knew I was there."
"그는 일주일 동안 머물렀고,
대부분 버드나무 호루라기를 만지작거리며 보냈다.","He stayed a week,
mostly puttering around with the willow whistles."
"그는 내가 산에서 뭘 하고 있는지 한 번도 묻지 않았다.","He never asked what I was doing on the mountain."
"마치 그가 이미 아는 것 같았다.","It was as if he already knew."
"마치 누군가와 이야기를 했거나,
무언가를 읽었고,
더 이상 물어볼 것이 없다는 것처럼.","As if he had talked to someone,
or read something,
and there was nothing more to question."
"나는 내가 산 아래 어딘가에서
오래된 이야기가 된 것 같은 느낌이 들었다.","I had the feeling that I was an old story
somewhere beyond the foot of the mountain."
"나는 상관하지 않았다.","I didn't care."
"반도가 차를 구해서 더 자주 올라왔다.","Bando got a car and he came up more often."
"그는 더 이상 신문 기사에 대해 언급하지 않았고,
나도 그에게 물어보지 않았다.","He never mentioned any more newspaper stories,
and I never asked him."
"나는 어느 날 그에게 이렇게 말했다,
""이제 나한테 주소가 있는 것 같아요.""","I just said to him one day,
""I seem to have an address now."""
"그가 말했다, ""그래.""","He said, ""You do."""
"나는 말했다,
""브로드웨이와 42번가인가요?""","I said,
""Is it Broadway and Forty-second Street?"""
"그가 말했다, ""거의.""","He said, ""Almost."""
"그의 눈썹이 찌푸려지고
그는 나를 슬프게 바라보았다.","His eyebrows knitted
and he looked at me sadly."
"""괜찮아요, 반도.","""It's all right, Bando."""
"다음에 오실 때 셔츠하고 청바지 좀 가져다주시는 게 좋겠어요.","Maybe you'd better bring me a shirt and some blue jeans when you come next time."
"생각해 봤는데, 만약 시내의 그 집을 아직 안 팔았다면,
아마 톰과 내가 빨래 투입구로 미끄러져 내려갈 수 있을 거예요.""","I was thinking, if they haven't sold that house in town,
maybe Tom and I could slide down the laundry chute."""
"반도는 천천히 버드나무 호루라기를
손에서 이리저리 돌렸다.","Bando slowly turned a willow whistle over
in his hands."
"그는 그것을 불지 않았다.","He didn't play it."
"그 안에서
도시가 나에게로 온다","IN WHICH
The City Comes to Me"
"솔새들이 도착하고, 나무들이 여름의 초록빛으로 변하고,
6월이 산 위로 터져 나왔다.","The warblers arrived, the trees turned summer green,
and June burst over the mountain."
"냄새가 좋았고, 맛이 좋았고,
눈에 부드러웠다.","It smelled good, tasted good,
and was gentle to the eyes."
"나는 어느 아침 초원의 큰 바위 위에 쭉 뻗어 누워 있었다.","I was stretched out on the big rock in the meadow one morning."
"프라이트풀이 내 아래 풀밭에서
어떤 곤충을 쪼고 있었는데
갑자기 플래시가 터지며 한 남자가 나타났다.","Frightful was jabbing at some insect in the grass below me
when suddenly a flashbulb exploded
and a man appeared."
"""야생 소년!"" 그가 말했다,
그리고 또 한 장의 사진을 찍었다.","""Wild boy!"" he said,
and took another picture."
"""뭐 하는 거야, 견과류 먹고 있는 거야?""","""What are you doing, eating nuts?"""
"나는 일어나 앉았다.","I sat up."
"내 마음이 무거웠다.","My heart was heavy."
"너무 무거워서 나는 그를 위해 포즈를 취해 주었다
프라이트풀을 주먹 위에 올려놓은 채.","It was so heavy that I posed for him
holding Frightful on my fist."
"그러나 나는 그를 내 나무로 데려가는 것은 거부했고,
그는 결국 떠났다.","I refused to take him to my tree, however,
and he finally left."
"두 명의 다른 사진작가와
한 명의 기자가 왔다.","Two other photographers came,
and a reporter."
"나는 조금 이야기했다.","I talked a little."
"그들이 떠난 후, 나는 배를 깔고 엎드려서
내무부에 연락해서
서부의 공유지에 대해 더 알아볼 수 있을지 궁금해했다.","When they left, I rolled over on my stomach
and wondered if I could get in touch with the Department of Interior
and find out more about the public lands in the West."
"내 다음 생각은
침수된 학교 운동장에서의 야구 경기였다.","My next thought was
the baseball game in the flooded school yard."
"나흘이 지났고,
나는 많은 기자들과 사진작가들에게 이야기했다.","Four days passed,
and I talked to many reporters and photographers."
"다섯째 날 정오에
골짜기에서 한 목소리가 불렀다:
""네가 거기 있다는 걸 알아!""","At noon of the fifth day
a voice called from the glen:
""I know you are there!"""
"""아빠!"" 나는 소리쳤고,
다시 한번 아버지를 만나러 산비탈을 뛰어 내려갔다.","""Dad!"" I shouted,
and once again burst down the mountainside to see my father."
"그를 향해 달려가면서,
나는 나를 멈추게 한 소리를 들었다.","As I ran toward him,
I heard sounds that stopped me."
"가지와 나뭇가지가 부러지는 소리,
꽃들이 짓밟히는 소리.","The sound of branches and twigs breaking,
of the flowers being crushed."
"무리가 오고 있었다.","Hordes were coming."
"긴 순간 동안 나는
아빠를 만날지 영원히 도망칠지 고민하며 서 있었다.","For a long moment I stood
wondering whether to meet Dad or run forever."
"나는 자급자족할 수 있었고,
전 세계를 여행할 수 있었다,
한 푼도 필요 없이,
누구에게도 아무것도 요구하지 않고.","I was self-sufficient,
I could travel the world over,
never needing a penny,
never asking anything of anyone."
"나는 베링 해협을 거쳐 카누로 아시아를 횡단할 수 있었다.","I could cross Asia in a canoe via the Bering Strait."
"나는 뗏목을 타고 섬에 갈 수 있었다.","I could raft to an island."
"나는 땅의 열매만으로 세계 일주를 할 수 있었다.","I could go around the world on the fruits of the land."
"나는 달리기 시작했다.","I started to run."
"나는 협곡까지 갔다가 되돌아왔다.","I got as far as the gorge and turned back."
"나는 아빠를 보고 싶었다.","I wanted to see Dad."
"나는 산을 내려가 그를 맞이하러 걸어갔다
그리고 그가 도시에서 데려온 사람들을 마주하기 위해
나를 사진 찍고, 인터뷰하고,
집으로 데려가려는.","I walked down the mountain to greet him
and to face the people he had brought from the city
to photograph me, interview me,
and bring me home."
"나는 천천히 걸었다,
모든 것이 끝났음을 알면서.","I walked slowly,
knowing that it was all over."
"나는 다른 사람들의 목소리를 들을 수 있었다.","I could hear the voices of the other people."
"그들이 내 조용한 산을 가득 채웠다.","They filled my silent mountain."
"그때 나는 공중으로 뛰어올라
기쁨에 웃었다.","Then I jumped in the air
and laughed for joy."
"나는 네 살짜리 남동생의 기쁨의 노래를 알아들었다.","I recognized my four-year-old brother's pleasure song."
"가족이다!","The family!"
"아빠가 가족을 데려온 것이다!","Dad had brought the family!"
"한 명도 빠짐없이.","Every one of them."
"나는 달렸다,
나무 사이를 쿠퍼매처럼 비틀고 돌면서,
그리고 가끔 사시나무 묘목을 타고
50피트를 미끄러져 내려가며.","I ran,
twisting and turning through the trees like a Cooper's hawk,
and occasionally riding a free fifty feet downhill
on an aspen sapling."
"""아빠! 엄마!"" 나는 소리쳤다
개울가를 따라 그들에게 다가가며,
산딸기 덤불 사이를 조심스럽게 헤치며 오는.","""Dad! Mom!"" I shouted
as I came up to them along the streambed,
carefully picking their way through raspberry bushes."
"아빠가 나에게 힘차게 등을 쳤고
엄마는 울 때까지 나를 안아주었다.","Dad gave me a resounding slap
and Mother hugged me until she cried."
"존이 나한테 뛰어올랐다.","John jumped on me."
"짐이 나를 덤불 속으로 밀었다.","Jim threw me into the bushes."
"메리가 나 위에 앉았다.","Mary sat on me."
"앨리스가 내 머리카락에 나뭇잎을 꽂았다.","Alice put leaves in my hair."
"행크가 짐을 떼어냈다.","Hank pulled Jim off."
"조앤이 나를 일으켜 세웠고,
제이크가 내 발목을 물었다.","Joan pulled me to my feet,
and Jake bit my ankle."
"그 귀여운 막내 여동생은 나에게서 아장아장 걸어 가더니
울어버렸다.","That cute little baby sister toddled away from me
and cried."
"""와! 뉴욕이 전부 다 왔네!"" 나는 말했다.","""Wow! All of New York!"" I said."""
"""오늘은 캣스킬에 대단한 날이다.""","""This is a great day for the Catskills."""
"나는 자랑스럽게 그들을 산 위로 이끌었고,
저녁 식사와
무엇이 넉넉히 돌아갈 수 있을지 생각하면서.","I led them proudly up the mountain,
thinking about dinner
and what I had that would go around."
"나는 우리가 친구들을 저녁에 데려올 때
엄마가 어떤 기분이었을지 알게 되었다.","I knew how Mother felt
when we brought in friends for dinner."
"우리가 솔송나무 숲에 다가갈 때,
나는 아빠가 배낭을 메고 있는 것을 알아챘다.","As we approached the hemlock grove,
I noticed that Dad was carrying a pack."
"그는 처음 며칠간의 식량이라고 설명했다,
또는 내가 존, 짐, 행크, 그리고 제이크에게
땅에서 먹고사는 법을 가르칠 수 있을 때까지.","He explained it as food for the first few days,
or until I could teach John, Jim, Hank, and Jake
how to live off the land."
"나는 그에게 윙크했다.","I winked at him."
"""하지만, 아빠, 그리블리 가문은 땅을 위한 사람이 아니에요.""","""But, Dad, a Gribley is not for the land."""
"""무슨 소리야?"" 그가 소리쳤다.","""What do you mean?"" he shouted."""
"""그리블리 가문은 3대에 걸쳐 땅을 가져왔어.","""The Gribleys have had land for three generations."""
"우리는 개척하고, 땅을 연다.""","We pioneer, we open the land."""
"그는 거의 노래하듯 말했다.","He was almost singing."
"""그리고 나서 우리는 바다로 가죠,"" 나는 말했다.","""And then we go to sea, I said."""
"""상황이 변했어.","""Things have changed."""
"아동노동법 때문에
아이들을 바다에 데려갈 수 없단다.""","Child labor laws;
you can't take children to sea."""
"아빠의 그런 고백에 기뻐해야 했겠지만
나는 올라가면서 맹렬히 계획을 세우느라 바빴다;
음식, 잠자리, 할 일.","I should have glowed over such a confession from Dad
had I not been making furious plans as we climbed;
food, beds, chores."
"그러나 아빠는 크리스마스 이후로
나보다 더 치밀하게 계획할 시간이 있었다.","Dad, however, had had since Christmas
to outplan me."
"그는 숲 곳곳에
모두를 위해 해먹을 매달았고,
그보다 더 행복한 아이들 무리를
들어본 적이 없었을 것이다.","He strung up hammocks for everyone
all through the forest,
and you never heard
a happier bunch of kids."
"노래와 소리 지르기와 킥킥거림이
새와 야생동물을 깊은 그늘 속으로 보내버렸다.","The singing and shouting and giggling
sent the birds and wildlife deep into the shadows."
"어린 니나도 해먹이 있었는데,
아직 걸음마를 떼는 아이였지만,
초원 근처의 두 사시나무 사이에서 흔들리며
혼자서 쿠쿠 소리를 내고 킥킥거렸다.","Even little Nina had a hammock,
and though she was only a toddler,
she cooed and giggled all by herself
as she rocked between two aspens near the meadow."
"우리는 엄마의 프라이드 치킨을 먹었다.","We ate Mother's fried chicken."
"치킨은 맛있다,
치킨 맛이 난다.","Chicken is good,
it tastes like chicken."
"나는 그날 저녁을 절대 잊지 못할 것이다.","I shall never forget that evening."
"그리고 아빠가 한 말도 절대 잊지 못할 것이다,
""얘야, 내가 네 엄마에게
네가 어디 있는지 말해줬더니,
엄마가 이렇게 말씀하셨단다,
'음, 그 아이가 집에 오고 싶지 않다면,
우리가 집을 그 아이에게 가져다주면 되지.'
그래서 우리 모두 여기 온 거란다.""","And I shall never forget what Dad said,
""Son, when I told your mother
where you were,
she said,
'Well, if he doesn't want to come home,
then we will bring home to him.'
And that's why we are all here."""
"나는 멍해졌다.","I was stunned."
"나는 이것이 하룻밤 캠핑 여행이 아니라
영구적인 배치라는 것을 깨닫기 시작했다.","I was beginning to realize that this was not an overnight camping trip,
but a permanent arrangement."
"엄마가 내 표정을 보시고 말씀하셨다,
""네가 성인이 되면,
가고 싶은 곳 어디든 갈 수 있어.","Mother saw my expression and said,
""When you are of age,
you can go wherever you please."
"그때까지는 내가 여전히 너를 돌봐야 한단다,
내가 찾을 수 있는 모든 법에 따르면.""","Until then, I still have to take care of you,
according to all the law I can find."""
"엄마가 내 어깨에 팔을 두르셨고,
우리는 아주 살짝 흔들렸다.","She put her arm around me,
and we rocked ever so slightly."
"""게다가, 나는 그리블리가 아니란다.","""Besides, I am not a Gribley."""
"나는 스튜어트야,
그리고 스튜어트 가문은 땅을 사랑했지.""","I am a Stuart,
and the Stuarts loved the land."""
"엄마는 산과 초원과 협곡을 바라보셨고,
나는 엄마의 발이 땅속으로 파고들어
뿌리를 내리는 것을 느꼈다.","She looked at the mountain and the meadow and the gorge,
and I felt her feet squeeze into the earth
and take root."
"다음 날 나는 존, 짐, 행크를 데리고
프라이트풀과 함께 산 초원으로 나갔다
이 도시 사람들을 먹일 충분한 음식을
모을 수 있는지 보려고.","The next day I took John, Jim, and Hank
out into the mountain meadows with Frightful
to see if we could not round up enough food
to feed this city of people."
"우리는 꽤 잘해냈다.","We did pretty well."
"우리가 돌아왔을 때,
거기에 아빠가 네 개의 투바이포를 세워놓고 있었다
내 초원 가장자리에,
그리고 헛간을 덮고도 남을 나무더미가 있었다.","When we came back,
there was Dad with four two-by-fours,
erected at the edge of my meadow,
and a pile of wood that would have covered a barn."
"""세상에, 아빠,"" 나는 외쳤다,
""도대체 뭘 하시는 거예요?""","""Gosh, Dad,"" I cried,
""what on earth are you doing?"""
"""우리는 집을 가질 거란다,"" 그가 말했다.","""We are going to have a house,"" he said."
"나는 충격을 받았고 마음이 아팠다.","I was stunned and hurt."
"""집이요!""","""A house!"""
"다 망치실 거예요!"" 나는 항의했다.","You'll spoil everything!"" I protested."
"""우리 모두 나무와 해먹에서 살면 안 되나요?""","""Can't we all live in trees and hammocks?"""
"""안 된다.","""No."""
"네 엄마가 말씀하시길
너에게 제대로 된 집을 마련해 주겠다고 하셨다,
그리고 엄마의 생각으로는,
그것은 지붕과 문을 의미한단다.","Your mother said
that she was going to give you a decent home,
and in her way of looking at it,
that means a roof and doors."
"엄마는 자기 의무를 다하지 않았다고 암시하는
그 신문 사설들에 몹시 화가 나셨단다.""","She got awfully mad at those newspaper stories
inferring that she had not done her duty."""
"""하지만 엄마는 다 하셨잖아요.""","""But she did."""
"나는 거의 울 뻔했다.","I was almost at the point of tears."
"""엄마는 정말 훌륭한 분이세요.
어떤 다른 소년이 엄마를 가지고 있겠어요
내가 한 것을 하게 해준?""","""She's a swell mother.
What other boy has a mother
who would let him do what I did?"""
"""알아. 알아.","""I know. I know."""
"하지만 여자는 이웃들 사이에서 산단다.","But a woman lives among her neighbors."
"네 엄마는 그 모든 사설들을
개인적인 것으로 받아들이셨단다,
마치 브래킷 씨와 오브라이언 부인이 말하는 것처럼.","Your mother took all those editorials
personally,
as if they were Mr. Bracket and Mrs. O'Brien speaking."
"나라 전체가 엄마의 이웃이 되었고,
아무도, 심지어—""","The nation became her neighbors,
and no one, not even—"""
"그는 머뭇거렸다.","He hesitated."
"개똥지빠귀가 야옹 하고 울었다.","A catbird meowed."
"""심지어 저 개똥지빠귀도
엄마가 너를 방치했다고 생각하게 두지 않겠다는 거란다.""","""Not even that catbird is going to think
that she neglected you."""
"나는 크고 강한 목소리로 항의하려던 참이었는데
엄마의 팔이 내 어깨 위로 감겨 왔다.","I was about to protest in a loud strong voice
when Mother's arm slipped around my shoulder."
"""네가 열여덟 살이 될 때까지는 그런 거야, 샘,"" 엄마가 말씀하셨다.","""That's how it is until you are eighteen, Sam,"" she said."
"그리고 그것으로 끝이었다.","And that ended it."
