"Question","Answer"
"10월 28일","October 28"
"나는 산을 오르내렸다
일주일 동안 매일,
호두와 히코리 열매가
익었는지 살펴보며.","I have been up and down the mountain
every day for a week,
watching to see if walnuts and hickory nuts
are ripe."
"오늘 나는 발견했다
나무 위 온통 다람쥐들이
미친 듯이 열매를 수확하고 있는 것을,
그래서 익었든 안 익었든
내가 모아야겠다고 결심했다.","Today I found
the squirrels all over the trees,
harvesting them furiously,
and so I have decided that ripe or not,
I must gather them."
"나 아니면 다람쥐들이 가져간다.","It's me or the squirrels."
"나는 프라이트풀을
히코리 나무에 묶어 두고
호두나무로 가서
주머니를 채웠다.","I tethered Frightful
in the hickory tree
while I went to the walnut tree
and filled pouches."
"프라이트풀이
히코리 열매를 지켜 주었다.","Frightful
protected the hickory nuts."
"프라이트풀 덕분에 다람쥐들은
그녀를 꾸짖느라 너무 바빠서
열매를 가져갈 시간이 없다.","She keeps the squirrels
so busy scolding her
that they don't have time to take the nuts."
"다람쥐들은
프라이트풀을 꽤 무서워한다.","They are
quite terrified by her."
"좋은 작전이다.","It is a good scheme."
"내가 소리를 지르고
나무를 두드려서
다람쥐들을 쫓아내는 동안
열매를 모은다.","I shout
and bang the tree
and keep them away
while I gather."
"이렇게 많은 다람쥐는
본 적이 없다.","I have never seen
so many squirrels."
"가느다란 가지에 매달리고,
큰 가지 사이를 튀어다니며,
몰려드는 것 같다
숲 전체에서.","They hang from the slender branches,
they bounce through the limbs,
they seem to come
from the whole forest."
"다람쥐들은 메시지를 전달하는 게 틀림없다
서로에게—
어떤 종류의 열매가 있고
나무가 어디에 있는지 알려주는 메시지를.","They must pass messages
along to each other—
messages that tell what kind of nuts
and where the trees are."
"며칠 후,
저장고가 열매로 가득 차자
나는 사과 쟁탈전을 시작했다.","A few days later,
my storehouse rolling with nuts,
I began the race for apples."
"이 경쟁에 뛰어든 것은
다람쥐들, 너구리들,
그리고 뚱뚱한 늙은 스컹크였는데
한 입도 더 못 먹을 것 같아 보였다.","Entering this race were
squirrels, raccoons,
and a fat old skunk
who looked as if he could eat not another bite."
"그 스컹크는 자면서
가을 내내 먹은 것을 소화시킬 준비가 되어 있었고,
나는 그가 밉살스러웠다
내 사과가 필요하지도 않으면서 와서.","He was ready to sleep
his autumn meal off,
and I resented him
because he did not need my apples."
"하지만 그와
장난칠 생각은 없었다.","However, I did not
toy with him."
"모을 수 있는 사과를 모아서
일부는 얇게 썰어
바위 위에서 햇볕에 말렸다.","I gathered what apples I could,
cut some in slices,
and dried them on the boulder in the sun."
"일부는 저장용 나무에 넣어 두었다
바로 먹으려고.","Some I put in the storeroom tree
to eat right away."
"벌레가 좀 먹긴 했지만
정말 멋진 일이었다
다시 사과를 먹으니.","They were a little wormy,
but it was wonderful
to eat an apple again."
"그러던 어느 날 밤
이 모든 것이 끝나고
수확이 마무리되었다.","Then one night
this was all done,
the crop was gathered."
"내가 메모를 좀 하려고 앉았을 때
남작이 달려오는 것이 보였다.","I sat down to make a few notes
when The Baron came sprinting into sight."
"남작은 정말로 뛰어올라
내 거북 껍데기 그릇 가장자리를 핥고,
프라이트풀에게 돌진했다가
내 발 앞으로 왔다.","He actually bounced up
and licked the edges of my turtle-shell bowl,
stormed Frightful,
and came to my feet."
"남작 족제비,"" 내가 말했다.
""할로윈이 다가오고 있어.
사탕 줄래 장난 줄래?""","""Baron Weasel,"" I said.
""It is nearing Halloween.
Are you playing tricks or treats?"""
"나는 남은 것을 건네주었다
거북 수프 저녁의,
그리고, 넋을 놓고,
남작이 게걸스럽게 먹는 것을 지켜보았다.","I handed him the remains
of my turtle soup dinner,
and, fascinated,
watched him devour it."
"메모:","NOTES:"
"남작은 어금니로 씹는데,
사나운 기세로 씹는다
전에 본 적 없는.","The Baron chews with his back molars,
and chews with a ferocity
I have not seen in him before."
"눈이 번뜩이고,
뾰족한 하얀 이빨 위로 입술이 말려 올라가며,
화난 사람처럼 인상을 쓴다.","His eyes gleam,
the lips curl back from his white pointed teeth,
and he frowns like an angry man."
"내가 다가가면
가슴에서 으르렁거리는 소리가 나서
접근할 수가 없다.","If I move toward him,
a rumble starts in his chest
that keeps me back."
"남작은 나를
힐끗힐끗 쳐다본다.","He flashes
glances at me."
"참으로 이상한 일이다
눈이 마주치는 것은
이 두려움 없는 야생 동물에게.","It is indeed strange
to be looked in the eye
by this fearless wild animal."
"뭔가 인간적인 것이 있다
그 구슬 같은 눈빛에는.","There is something human
about his beady glance."
"아마도 그 눈빛이
뭔가를 말해주기 때문일 것이다.","Perhaps because that glance
tells me something."
"그 눈빛은 내게 말해준다
남작이 내가 누군지 알고 있으며
내가 더 가까이 오는 것을
원하지 않는다고.","It tells me
he knows who I am
and that he does not want me
to come any closer."
"남작 족제비는
잔치를 마치고 떠났다.","The Baron Weasel
departed after his feast."
"프라이트풀은
막대기처럼 가늘게 움츠러들었다가
긴장을 풀고 깃털을 부풀렸다.","Frightful,
who was drawn up as skinny as a stick,
relaxed and fluffed her feathers."
"그리고 나서 내가
프라이트풀에게 말했다,
""봐, 남작이 과자를 받았어.
장난은 없었어.""","and then I said
to her,
""See, he got his treats.
No tricks."""
"그때 무언가 떠올랐다.","Then something occurred to me."
"나는 문 안쪽으로 손을 뻗어
달력 막대기를 꺼냈다.","I reached inside the door
and pulled out my calendar stick."
"28, 29, 30, 31을 세었다.","I counted 28, 29, 30, 31."
"프라이트풀, 그 늙은 족제비가 알고 있었어.
오늘이 할로윈이야.
할로윈 파티를 열자.","""Frightful, that old weasel knows.
It is Halloween.
Let's have a Halloween party."""
"재빨리 나는 쌓았다
깨진 열매, 훈제 토끼,
그리고 가재를.","Swiftly I made piles of
cracked nuts, smoked rabbit,
and crayfish."
"사과 두 개까지 추가했다.","I even added two of my apples."
"이 음식은 초대장이었다
다람쥐, 여우, 너구리, 주머니쥐,
심지어 내 주변에 사는 새들에게까지
파티에
오라는.","This food was an invitation
to the squirrels, foxes, raccoons, opossums,
even the birds that lived around me
to come
have a party."
"프라이트풀이 그루터기에 묶여 있으면
동물과 새들 중 일부는
가까이 올 뿐이다
그녀에게 소리를 지를 정도로만.","When Frightful is tethered to her stump,
some of the animals and birds
will only come close enough
to scream at her."
"그래서 새와 나는
나무 안으로 들어가
덮개를 열어 놓고
기다렸다.","So bird and I
went inside the tree,
propped open the flap,
and waited."
"그날 밤에는
별일이 없었다.","Not much happened
that night."
"시간이 좀 걸린다는 것을 알았다
숲속 소식이 퍼지려면.","I learned that it takes a little time
for the woodland messages to get around."
"하지만 소식은 퍼진다.","But they do."
"파티 전에 나는
음식을 밖에 내놓지 않도록 매우 조심했었다
한 입이라도
아쉬웠기 때문에.","Before the party I had been
very careful about leaving food out
because I needed
every mouthful."
"나는 예방 조치를 취했다
돌을 굴려 놓는
저장용 나무 앞에.","I took the precaution
of rolling a stone
in front of my store tree."
"추수의 보름달이 떠올랐다.","The harvest moon rose."
"프라이트풀과 나는 잠들었다.","Frightful and I went to sleep."
"새벽에
우리는 파티를 포기했다.","At dawn,
we abandoned the party."
"과자는 그대로 놔두었다,
하지만.","I left the treats out,
however."
"상쾌하고 금빛으로 빛나는 날이라
우리는 토끼 가죽을 더 구하러 나갔다
겨울 내복을 마무리하려고.","Since it was a snappy gold-colored day,
we went off to get some more rabbit skins
to finish my winter underwear."
"시냇가에서 점심을 먹었다—
홍합 스튜와 야생 감자.","We had lunch along the creek—
stewed mussels and wild potatoes."
"해질녘이 되어서야 돌아왔다
야생 쌀을 발견했기 때문에
개울의 우각호에서.","We didn't get back until dusk
because I discovered some wild rice
in an ox bow of the stream."
"한 줌도 안 되는 양이었다.","There was no more than a handful."
"그날 밤 집에 와 보니
모든 것이 평화로워 보였다.","Home that night,
everything seemed peaceful enough."
"열매 몇 개가 없어졌는데,
다람쥐 짓이라고 생각했다.","A few nuts were gone,
to the squirrels, I thought."
"나는 생선을 굽고
잎사귀에 싸서,
소중한 야생 쌀을 조금
먹었다.","I baked a fish
in leaves,
and ate a small, precious amount
of wild rice."
"정말 맛있었다!","It was marvelous!"
"자리를 잡았을 때
그날의 토끼 가죽을 긁어 손질하려고,
이웃 스컹크가
캠프장으로 당당히 걸어 들어와
훈제 토끼를 먹기 시작했다.","As I settled down
to scrape the rabbit skins of the day,
my neighbor the skunk
marched right into the campground
and set to work on the smoked rabbit."
"나는 할로윈 메모를 몇 개 적었다:","I made some Halloween notes:"
"달이 사시나무 뒤에서 떠오르고 있다.
호박처럼 크고
오렌지색이다.","The moon is coming up behind the aspens.
It is as big as a pumpkin
and as orange."
"바람은 서늘하고
별들은 전구처럼 빛난다.","The winds are cool,
the stars are like electric light bulbs."
"나는 문간 바로 안쪽에 앉아
거북 껍데기 등잔을 켜고
이 글을 쓰고 있다.","I am just inside the doorway,
with my turtle-shell lamp burning
so that I can see to write this."
"무언가가 움직이고 있다
두 번째 솔송나무 너머에서.","Something is moving
beyond the second hemlock."
"프라이트풀은 매우 경계하며
마치 사방에
무언가가 있는 것 같다.","Frightful is very alert,
as if there are things
all around us."
"할로윈은 어젯밤 자정에 끝났지만
우리에게는 이제 막 시작이다.","Halloween was over at midnight last night,
but for us it is just beginning."
"적어도 내 느낌은 그런데,
내 상상일 수도 있다.","That's how I feel, anyhow,
but it just may be my imagination."
"프라이트풀이 그만했으면 좋겠다
깃털을 바짝 붙이고
스프링처럼 몸을 세우는 것을.","I wish Frightful would stop
pulling her feathers in
and drawing herself up like a spring."
"자꾸 생각이 든다
프라이트풀이 무언가를 감지하는 것 같다고.","I keep thinking
that she feels things."
"제시 C. 제임스가 오고 있다.
사슴 고기를 원할 것이다.","Here comes Jessie C. James.
He will want the venison."
"제시는 사슴 고기를 못 먹었다.","He didn't get the venison."
"으르렁거리는 소리가 나더니
한 번도 본 적 없는 큰 너구리가
제시를 지나쳐 걸어갔다,
으르렁대며 사나운 얼굴로.","There was a snarl,
and a big raccoon I've never seen
walked past him,
growling and looking ferocious."
"제시 C.는 꼼짝도 않았다—
겁에 질려 얼어붙었다고 해야 할 것이다.","Jessie C. stood motionless—
I might say, scared stiff."
"제시는 고개를 비스듬히 들고
그 큰 녀석이 먹도록 내버려 두었다.","He held his head at an angle
and let the big fellow eat."
"제시가 눈알이라도 굴리면
그 늙은 너구리가
퍽퍽거리며 위협했다.","If Jessie so much as rolled his eyes
that old coon
would sputter at him."
"어두워지자
많은 것이 보이지 않았다.","It grew dark,
and I couldn't see much."
"바위 뒤의 으스스한 울음소리가
초원의 빨간 여우가
다가오고
있다는 신호였다.","An eerie yelp behind the boulder
announced that the red fox
of the meadow
was nearing."
"소름이 돋았다.","He gave me goose bumps."
"여우는 저장용 나무 바로 너머에서
앞뒤로 오가며 서성였다
소리 없는 발걸음으로.","He stayed just beyond my store tree,
weaving back and forth
on silent feet."
"가끔씩 울음소리를 냈다—
올빼미 같은 떨리는 울음소리였다.","Every now and then he would cry—
a wavery owllike cry."
"나는 더 적었다.","I wrote some more."
"내 거북 등잔의 불빛이
흔들리는 그림자를 드리운다.","The light from my turtle lamp
casts leaping shadows."
"너도밤나무 열매 쪽으로
작고 회색인 동물이 왔다.","To the beechnuts has come
a small gray animal."
"뭔지 모르겠는데—
이제 보인다.","I can't make out what—
now, I see it."
"하늘다람쥐다.","It's a flying squirrel."
"놀랍다.
여기서 하늘다람쥐를
본 적이 없는데,
물론 해 진 후에 깨어 있어 본 적이
별로 없으니 그렇겠다.","That surprises me,
I've never seen a flying squirrel
around here,
but of course I haven't been up
much after sunset."
"너무 어두워서 볼 수 없게 되자
불을 피웠는데
파티가 끝나지 않기를 바랐다.","When it grew too dark to see,
I lit a fire,
hoping it would not end the party."
"끝나지 않았고,
지켜볼수록
이 동물들 모두가
내 캠프에 익숙하다는 것을 알았다.","It did not,
and the more I watched,
the more I realized that all these animals
were familiar with my camp."
"흰발생쥐 한 마리가 걸어갔다
내 장작더미 위를
제 집인 양.","A white-footed mouse walked over
my woodpile
as if it were his."
"나는 촛불을 끄고
잠들었다
불이 잿더미로 변했을 때.","I put out the candle
and fell asleep
when the fire turned to coals."
"한참 후
비명 소리에 깨어났다.","Much later
I was awakened by screaming."
"고개를 들어
달빛 비치는 숲을 내다보았다.","I lifted my head
and looked into the moonlit forest."
"아직 파티에 남아 있던 손님 몇 마리가
내가 움직이는 것을 보고
수줍게 덤불 속으로 달아났다.","A few guests, still lingering at the party,
saw me move,
and dashed bashfully into the ground cover."
"한 마리는 크고 날씬했다.","One was big and slender."
"밍크가 아닐까 생각했다.","I thought perhaps a mink."
"천천히 잠에서 깨면서
비명 소리가 뒤쪽에서 오고 있다는 것을
알았다.","As I slowly came awake,
I realized that screaming
was coming from behind me."
"내 집 안에 뭔가가 있었다.","Something was in my house."
"벌떡 일어나 소리를 질렀더니
너구리 두 마리가
내 발밑에서 후다닥 빠져나갔다.","I jumped up and shouted,
and two raccoons
skittered under my feet."
"촛불을 잡으려다
수백 개의 열매 위에서 미끄러져
넘어졌다.","I reached for my candle,
slipped on hundreds of nuts,
and fell."
"마침내 불을 켜고 둘러보니
기가 막혔다
손님들이 얼마나 엉망으로 만들어 놨는지
내 나무집을.","When I finally got a light and looked about me,
I was dismayed to see
what a mess my guests had made
of my tree house."
"도토리와 너도밤나무 열매 저장분을 찾아내
마구 뿌려 놓았다
내 침대와 바닥 위에.","They had found the cache of acorns and beechnuts
and had tossed them
all over my bed and floor."
"파티가 거칠어지고 있었다.","The party was getting rough."
"너구리들을 밤 속으로 쫓아냈는데
세 번째 동물에 걸려 넘어지면서
축축하고 따끔한 액체를 맞았다.","I chased the raccoons into the night
and stumbled over a third animal
and was struck by a wet stinging spray."
"스컹크였다!","It was skunk!"
"흠뻑 젖었다.","I was drenched."
"그 치욕과 악취에 익숙해질 무렵
너구리들이 모닥불 주위에서 깡충깡충 뛰어다니며
내 옆을 스쳐 지나가는 것이 보였다.","As I got used to the indignity and the smell,
I saw the raccoons cavort around my fireplace
and dodge past me."
"너구리들은 다시 내 나무 안에 들어와 있었다
내가 막을 새도 없이.","They were back in my tree
before I could stop them."
"박쥐 한 마리가 어둠 속에서 날아와
수지 초 주위를 돌았다.","A bat winged in from the darkness
and circled the tallow candle."
"할로윈이었고
도깨비들이 활개를 치고 있었다.","It was Halloween
and the goblins were at work."
"쓰레기통들이 전부 생각났다
뉴욕 거리에서 내가 넘어뜨렸던.","I thought of all the ash cans
I had knocked over on the streets of New York."
"전혀 웃기지 않았다.","It seemed utterly humorless."
"이 이웃들을 모두 초대해 놓고
이제 문제에 직면했다
내보내야 하는.","Having invited all these neighbors,
I was now faced with the problem
of getting rid of them."
"너구리들은 완전히 편해져서
너도밤나무 열매를 낚아채고,
말린 생선 조각과 사슴 고기를
장난스럽게 공중에 던졌다.","The raccoons were feeling so much at home
that they snatched up beechnuts,
bits of dried fish and venison
and tossed them playfully into the air."
"너무 배가 불러서 더 먹지는 못했지만
신나게 놀고 있었다
장난감을 만들며
내가 힘들게 모은 겨울 식량으로.","They were too full to eat any more,
but were having a marvelous time
making toys out of
my hard-won winter food supply."
"나는 너구리들을
나무에서 몰아내고
문을 묶었다.","I herded the raccoons
out of the tree
and laced the door."
"안도의 한숨을 쉬려는 순간
왼쪽으로 고개를 돌렸다,
누군가 나를 지켜보는 것이 느껴져서.","I was breathing ""relief""
when I turned my head to the left,
for I sensed someone watching me."
"달빛 속에
큰 귀를 쫑긋 세우고
빨간 여우가 앉아 있었다.","There in the moonlight,
his big ears erect on his head,
sat the red fox."
"여우가 웃고 있었다—
분명히 그랬다.","He was smiling—
I know he was."
"나는 ""웃지 마!"" 하고 소리쳤고
여우는 마술사의 손수건처럼 사라졌다.","I shouted, ""Stop laughing!""
and he vanished like a magician's handkerchief."
"이 소동에 프라이트풀이 깨어나
어둠 속 나무 안에서
퍼덕거리고 있었다.","All this had awakened Frightful,
who was flopping in the dark
in the tree."
"나는 사슴 가죽 덮개 안으로 손을 넣어
프라이트풀을 쓰다듬어
다시
진정시키려 했다.","I reached in around the deer flap
to stroke her
back
to calmness."
"프라이트풀이 내 손을 너무 세게 움켜쥐어서 소리를 질렀고—
방문객들은
캠프 가장자리로 물러났다
내 비명에.","She grabbed me so hard I yelled—
and the visitors
moved to the edge of my camp
at my cry."
"악취를 하늘까지 풍기고,
손에서 피를 흘리고,
힘들게 모은 식량을 빼앗긴 나는
모닥불에 장작을 던져 넣어
거대한 빛줄기를 밤하늘로 쏘아 올렸다.","Smelling to the sky,
bleeding in the hand,
and robbed of part of my hard-won food,
I threw wood on the fire
and sent an enormous shaft of light into the night."
"그리고 소리를 질렀다.","Then I shouted."
"스컹크가 더 멀리 물러났다.","The skunk moved farther away."
"너구리들은 몇 발자국 달아났다가
다시 돌아왔다.","The raccoons galloped off a few feet
and galloped back."
"나는 으르렁거렸다.","I snarled at them."
"너구리들은 어둠의 가장자리로 가서
나를 노려보았다.","They went to the edge of the darkness
and stared at me."
"나는 그날 밤 뭔가를 배웠다
바로 그 너구리에게서
제시 C. 제임스를 위압했던—
동물에게
힘이 곧 정의라는 것을.","I had learned something that night
from that very raccoon
bossing Jessie C. James—
to animals,
might is right."
"나는 가장 크고
가장 나이 많았고
그것을 알려줄 참이었다.","I was biggest
and I was oldest,
and I was going to tell them so."
"나는 으르렁대고 이를 드러내고
쉿쉿거리고 코를 훌쩍거렸다.","I growled and snarled
and hissed and snorted."
"효과가 있었다.","It worked."
"동물들은 알아듣고 물러났다.","They understood and moved away."
"몇 마리가 돌아보았고
그 눈이 빛났다.","Some looked back
and their eyes glowed."
"붉은 눈빛이 오싹했다.","The red eyes chilled me."
"이보다 더 진짜 같은
할로윈 밤은 없었다.","Never had there been
a more real Halloween night."
"올려다보니
마녀가 보일 것만 같았다.","I looked up,
expecting to see a witch."
"그 계절의 마지막 박쥐가
달빛 속을 날아갔다.","The last bat of the season
darted in the moonlight."
"나는 침대로 뛰어들어
문을 묶었다.","I dove on my bed,
and tied the door."
"할로윈에 대한 메모는
더 이상 없다.","There are no more notes
about Halloween."
"그 파티는
교훈적인 결말을 맞았다.","That party
had a moral ending."
"먹이를 주지 마라
야생 동물에게!","Don't feed
wild animals!"
"나는 주워서
세어 보았다
내 호두와 히커리 넛을.","I picked up
and counted
my walnuts and hickory nuts."
"알게 되어 기뻤다
어질러진 건 많았지만
잃어버린 건 적다는 것을.","I was glad to discover
there was more mess
than loss."
"나는 결심했다, ~뿐 아니라
봄까지 살아남고 여전히 더 많은 견과류를 갖고 있다고
그리블리 산의 모든 다람쥐보다
(날다람쥐 포함).","I decided that I would not only
live until spring but that I still had more nuts
than all the squirrels on Gribley's
(including flying squirrels)."
"11월 초에
어느 날 아침 잠이 깼다
총소리에.","In early November
I was awakened one morning
by a shot from a rifle."
"사냥 시즌이
시작된 것이다!","The hunting season
had begun!"
"나는 그것을
까맣게 잊고 있었다.","I had forgotten
all about that."
"숨는 것은
사냥꾼 떼를 피해
정말 큰 일이 될 터였다.","To hide from
a swarm of hunters
was truly going to be a trick."
"그들은 모든 나무 뒤에,
모든 언덕과 골짜기에
있을 것이다.","They would be behind every tree
and on every hill
and dale."
"그들은 총을 쏠 텐데,
움직이는 모든 것에,
나는 사슴가죽 바지에
더러운 갈색 스웨터를 입고
사슴처럼 보이고 있었다.","They would be shooting
at everything that moved,
and here was I in deerskin pants
and dirty brown sweater,
looking like a deer."
"나는 결정했다, 동물들처럼,
숨어 있기로
사냥 시즌 첫날은.","I decided, like the animals,
to stay holed up
the first day of the season."
"나는 포크를 깎아 만들고
완성했다
토끼 가죽 겨울 속옷을.","I whittled a fork
and finished
my rabbit-skin winter underwear."
"나는 깠다
호두를 많이.","I cracked
a lot of walnuts."
"사냥 시즌 이틀째
문밖으로 고개를 내밀어 보니
마당이 지저분했다.","The second day of the hunting season
I stuck my head out of my door
and decided my yard was messy."
"나는 치웠다
숲 바닥처럼 보이도록.","I picked it up so that
it looked like a forest floor."
"사냥 시즌 사흘째
몇몇 사람들이 들어와
협곡 옆에 캠프를 쳤다.","The third day of the hunting season
some men came in
and camped by the gorge."
"나는 몰래 내려가려 했다
산 반대편으로
북쪽 개울로,
거기서 또 다른 사냥꾼 캠프를 발견하고,
내 나무로 돌아왔다.","I tried to steal down
the other side of the mountain
to the north stream,
found another camp of hunters there,
and went back to my tree."
"한 주가 끝날 무렵
프라이트풀과 나 모두
운동이 필요했다.","By the end of the week
both Frightful and I
were in need of exercise."
"총소리는 여전히
탁탁 울리고 있었다
산 주변에서.","Gunshots were still
snapping around
the mountain."
"나는 만나러 가기로 했다
터너 선생님을
도서관에 있는.","I decided to go see
Miss Turner
at the library."
"약 한 시간 뒤
나는 이렇게 썼다:","About an hour later
I wrote this:"
"“솔숲 가장자리까지 갔을 때
총이 발사되었다
바로 내 팔꿈치 옆에서.","""I got as far as the edge of the hemlock grove
when a shot went off
practically at my elbow."
"프라이트풀의 가죽끈을
손에 잡고 있지 않았기에
그녀는 날아가 버렸다
총소리에.","I didn't have Frightful's jesses
in my hand
and she took off
at the blast."
"나는 나무 위로 올라갔다.","I climbed a tree."
"사냥꾼이 너무 가까이 있어서
나를 물 수 있을 정도였지만,
분명 바빴다
자기 사슴을 지켜보느라.","There was a hunter so close to me
he could have bitten me,
but apparently he was busy
watching his deer."
"나는 올라갈 수 있었다
높은 가지까지
들키지 않고.","I was able to get up
into the high branches
without being seen."
"먼저,
프라이트풀을 찾아보았다.","First,
I looked around for Frightful."
"그녀가 보이지 않았다
어디에도.","I could see her
nowhere."
"휘파람을 불어 부르고 싶었지만
안 될 것 같다고
생각했다.","I wanted to whistle for her
but didn't think
I should."
"가만히 앉아서
바라보며
궁금해했다
그녀가 집으로 돌아갈지.","I sat still
and looked
and wondered
if she'd go home."
"나는 사냥꾼을 지켜보았다
추적하는 것을
자기 사슴을.","I watched the hunter
track
his deer."
"사슴은 아직
달리고 있었다.","The deer was still
running."
"내가 있는 곳에서
뚜렷하게 보였다,
향하고 있었다
옛 그리블리 농장 터 쪽으로.","From where I was
I could see it plainly,
going toward
the old Gribley farm site."
"조용히 더 높이 올라가
지켜보았다.","Quietly I climbed higher
and watched."
"그런데 세상에,
사슴이 돌담을 뛰어넘더니
죽어서 쓰러졌다.","Then of all things,
it jumped the stone fence
and fell dead."
"나는 나무에 있으려 했다
사냥꾼이 사슴을 해체하고
끌고 갈 때까지
도로까지.","I thought I would stay in the tree
until the hunter quartered his kill
and dragged it out
to the road."
"아, 그런데 문득 생각이 들었다
그가 ~하지도 않을 거라고
그 사슴을 찾을 거라고.","Ah, then, it occurred to me
that he wasn't even going
to find that deer."
"그는 엉뚱한 방향으로 가고 있었고,
내가 보기에 사슴은
마른 양치식물 더미 속에 쓰러져서
찾기 어려울 터였다.","He was going off at an angle,
and from what I could see,
the deer had dropped in a big bank of dry ferns
and would be hard to find."
"초조해지기 시작했다
이 시점에서.","It got to be nerve-racking
at this point."
"내 새 재킷이 보였다
양치식물 속에 놓여 있는,
그리고 사냥꾼이
그것을 찾고 있었다.","I could see my new jacket
lying in the ferns,
and the hunter
looking for it."
"나는 눈을 감고
머릿속으로 그를
왼쪽으로 유도했다.","I closed my eyes
and mentally steered him
to the left."
"그런데 기특한 프라이트풀!","Then, good old Frightful!"
"그녀는 산 아래로 날아와
어린 단풍나무에 앉아 있었다
멀지 않은
사슴에서.","She had winged down the mountain
and was sitting in a sapling maple
not far
from the deer."
"그녀는 그 남자를 보고
소리를 질렀다.","She saw the man
and screamed."
"그는 그녀 쪽을 바라보았고;
그녀를 뭐라고 생각했는지 모르겠지만
몸을 돌려
그녀 쪽으로 걸어가기 시작했다.","He looked in her direction;
heaven knows what he thought she was,
but he turned
and started toward her."
"그녀는 날개를 퍼덕이며,
하늘로 올라가,
사라졌다
내 머리 위로.","She rustled her wings,
climbed into the sky,
and disappeared
over my head."
"나는 정말 휘파람을 불어 부르고 싶었지만,
내 사슴이 걱정되었고,
나 자신도,
그녀도.","I did want to whistle to her,
but feared for my deer,
myself,
and her."
"나는 나무에 매달린 채
기다렸다
약 30분을.","I hung in the tree
and waited
about a half an hour."
"마침내 그 남자는
사냥을 포기했다.","Finally the man
gave up his hunt."
"친구들이 불러서,
그는 계속 갔다
산 아래로.","His friends called,
and he went on
down the mountain."
"나는 나무에서
내려왔다.","I went down
the tree."
"마른 양치식물 속에
멋진
어린 수사슴이 누워 있었다.","In the dry ferns
lay a nice
young buck."
"나는 조심스럽게 덮었다
담장의 돌 몇 개와,
양치식물을 더 덮어,
서둘러 집으로 돌아왔다.","I covered it carefully
with some of the stones from the fence,
and more ferns,
and rushed home."
"휘파람을 불자
내 솔나무 꼭대기에서
프라이트풀이 내려왔다.","I whistled,
and down from the top of my own hemlock
came Frightful."
"자작나무 껍질을 구했다
이 모든 것을 적으려고
너무 조급해지지 않도록
사슴을 가지러 가지 않도록
너무 일찍.","I got a piece of birch bark
to write all this on
so I wouldn't get too anxious
and go for the deer
too soon."
"우리는 어두워질 때까지 기다렸다가
가지러 갈 것이다, 저녁 식사와
내 새 재킷을.","We will wait until dark
to go get our dinner
and my new jacket."
"생각이 들기 시작한다
사슴 가죽과 사슴고기를 모두 갖게 될 것이라고
쓸 수 있을 만큼.","I am beginning to think
I'll have all the deer hide and venison
I can use."
"있을 것이 틀림없다
다른 잃어버린 사냥감이
이 산에는.”","There must be
other lost game
on this mountain."""
"나는 어둠이 내린 후 사슴을 가져왔고,
생각이
맞았다.","I got the deer after dark,
and I was
quite right."
"시즌이 끝나기 전에
사슴 두 마리를 더 얻었다
같은 방법으로.","Before the season was over
I got two more deer
in the same way."
"하지만,
첫 번째 사슴을 손질해야 했기에,
나머지 시즌은
빠르게 지나갔다.","However,
with the first deer to work on,
the rest of the season
passed quickly."
"할 일이 많았다
긁고 준비하는.","I had lots of
scraping and preparing to do."
"불만이 있다면
감히 불을 피우지 못하고
요리하지 못한다는 것이었다
그 훌륭한 고기를.","My complaint was that
I did not dare light a fire
and cook
that wonderful meat."
"발각될까
두려웠다.","I was afraid
of being spotted."
"나는 훈제 사슴고기와
견과류,
산사나무 열매를 먹었다.","I ate smoked venison,
nut meats,
and hawthorn berries."
"산사나무 열매는
사과와 약간
비슷한 맛이 난다.","Hawthorn berries taste
a little bit
like apples."
"사과보다 더 작고
건조하다.","They are smaller
and drier than apples."
"씨도
크다.","They also have
big seeds in them."
"산사나무는 알아보기 쉽다
크고 빨간
반짝이는 가시가 있어서.","The hawthorn bush is easy to tell
because it has big red
shiny thorns on it."
"매일 총소리가 줄어들었다
사냥꾼들이 산을 떠나
집으로 돌아가면서.","Each day the shooting lessened
as the hunters left the hills
and went home."
"그들이 빠져나갈수록
프라이트풀과 나는
점점 더 자유롭게
돌아다닐 수 있었다.","As they cleared out,
Frightful and I were
freer and freer
to roam."
"이제 기온이
충분히 추워졌기에
사슴고기를 보존할 만큼,
그래서 훈제하지 않았다
마지막 두 마리는,","The air temperature now was
cold enough
to preserve the venison,
so I didn't smoke
the last two deer,"
"그리고 약 2주 후
그 첫 번째 놀라운 총소리를 들은 지,
나는 멋진 스테이크를 잘라내고,
활활 타는 불을 피우고,
숯불이 빨갛게 달아올랐을 때,
제대로 된 저녁 식사를 했다.","and about two weeks
after I heard that first alarming shot,
I cut off a beautiful steak,
built a bright fire,
and when the embers were glowing,
I had myself a real dinner."
"말린 먼지버섯을 물에 불려서,
크고 촉촉해지면,
야생 양파와 함께 볶고
빈약한 야생 당근과 함께,
배불리 먹었다
호의적인 감정이 들 때까지
모든 사람에게.","I soaked some dried puffballs in water,
and when they were big and moist,
I fried them with wild onions
and skimpy old wild carrots
and stuffed myself
until I felt kindly
toward all men."
"나는 이렇게 썼다:","I wrote this:"
"""11월 26일","""November 26"
"사냥꾼은 올바르게 활용하면
훌륭한 친구가 된다.","Hunters are excellent friends
if used correctly."
"그들에게 들키지 마라;
하지만 가까이 따라가라.","Don't let them see you;
but follow them closely."
"이용하는 게 좋은데
나무 꼭대기를
이 목적에는,
사냥꾼은 위를 쳐다보지 않기 때문이다.","Preferably use
the tops of trees
for this purpose,
for hunters don't look up."
"그들은 아래를 보고
좌우를 보고
정면을 본다.","They look down
and to the right and left
and straight ahead."
"그러니 나무 위에 있으면
그들이 무엇을 쏘는지 볼 수 있을 뿐 아니라
어디에 떨어지는지도 알 수 있고,
극도로 조심하면
그들보다 먼저 도착해서
숨길 수도 있다.","So if you stay in the trees,
you can not only see what they shoot,
but where it falls,
and if you are extremely careful,
you can sometimes get to it before they do
and hide it."
"내가 세 번째 사슴을
그렇게 얻은 것이다.""","That's how I got
my third deer."""
"좀 더 어려움이 있었다
이 가죽들을 무두질하는 데
참나무 그루터기의 물이
밤마다 얼었기 때문이다.","I had a little more trouble
tanning these hides
because the water in my oak stump
kept freezing at night."
"추워지고 있었다.","It was getting cold."
"나는 입기 시작했다
토끼 털 속옷을
오전 대부분.","I began wearing
my rabbit-fur underwear
most of the morning."
"정오에는 아직 너무 따뜻해서
입고 있기엔,
하지만 좋았다
밤에는.","It was still too warm at noon
to keep it on,
but it felt good
at night."
"속옷을 입고 잤다
만들 때까지
담요를.","I slept in it
until I got
my blanket made."
"담요에서 사슴 털을
벗기지 않았다.","I did not scrape the deer hair
off my blanket."
"붙어 있는 게
좋았다.","I liked it
on."
"내가 자랐기 때문에
사슴 가죽 한 장으로는
나를 덮을 수 없었다.","Because I had grown,
one deerskin
wouldn't cover me."
"다른 가죽의 일부를
덧대어 꿰맸다.","I sewed part of
another one to it."
"세 번째 가죽으로
재킷을 만들었다.","The third hide
I made into a jacket."
"그냥 직사각형을 잘라내고
머리 구멍을 만들어
꿰매 달았다
곧고 넓은 소매를.","I just cut a rectangle
with a hole in it for my head
and sewed on
straight wide sleeves."
"여기저기 커다란 주머니를 달았다,
남은 조각을 모두 사용하여,
포함해서
지난여름 만든 주머니도.","I put enormous pockets all over it,
using every scrap I had,
including the pouches
I had made last summer."
"합쳐 놓은 것 같았다
러시아 군복과 목수 앞치마를,
하지만 따뜻하고, 넉넉하고,
내가 보기엔,
멋졌다.","It looked like a cross
between a Russian military blouse and a carpenter's apron,
but it was warm, roomy
and, I thought,
handsome."
"나는 현관 앞에 서 있었다
11월 23일에
머리부터 발끝까지 사슴 가죽을 입고.","I stood in my doorway
the twenty-third of November
dressed from head to toe in deerskins."
"나는 토끼 털로 안감을 댔다.","I was lined with rabbit fur."
"나는 벙어리장갑과
다람쥐 털 안감의 모카신을 신고 있었다.","I had mittens
and squirrel-lined moccasins."
"나는 내 옷차림에 꽤 신이 났다.","I was quite excited by my wardrobe."
"내가 휘파람을 불자
프라이트풀이 내 주먹 위로 날아왔다.","I whistled
and Frightful came to my fist."
"프라이트풀은 비단결 같은 검은 눈으로 나를 바라보더니
내 옷을 쪼았다.","She eyed me with her silky black eyes
and pecked at my suit."
"'프라이트풀,' 내가 말했다,
'이건 먹을 게 아니야.","'Frightful,' I said,
'this is not food."
"이건 내 새 옷이야.
제발 먹지 마.'","It is my new suit.
Please don't eat it.'"
"프라이트풀은 부드럽게 지저귀고,
깃털을 부풀리더니,
초원 쪽을 고요히 바라보았다.","She peeped softly,
fluffed her feathers,
and looked gently toward the meadow."
"'너도 아름답다, 프라이트풀,' 내가 말하며,
프라이트풀의 등에 있는 슬레이트 회색 깃털을 만졌다.","'You are beautiful, too, Frightful,' I said,
and I touched the slate gray feathers of her back."
"아주 부드럽게
나는 칠흑 같은 깃털을 쓰다듬었다
눈가에서 내려오는 그 깃털을.","Very gently
I stroked the jet black ones
that came down from her eyes."
"그 아름다운 무늬가
프라이트풀에게 고귀한 위엄을 한껏 부여했다.","Those beautiful marks
gave her much of her superb dignity."
"어떤 의미에서
프라이트풀도 역시 새 옷을 입은 셈이었다.","In a sense
she had also come into a new suit."
"프라이트풀의 깃털은
가을 동안 바뀌었고,
정말 숨이 멎을 만큼 아름다웠다.","Her plumage had changed
during the autumn,
and she was breathtaking."
"나는 샘물로 걸어가서
우리 모습을 들여다보았다.","I walked to the spring
and we looked in."
"나는 우리 모습이 아주 선명하게 보였는데,
더 이상 개구리가 물에 풍덩 뛰어들어
거울을 동심원과 물결로 깨뜨리지 않았기 때문이다.","I saw us quite clearly,
as there were no longer any frogs to plop in the water
and break the mirror with circles and ripples."
"'프라이트풀,' 내가 말했다,
이리저리 돌고 돌며 살펴보면서.","'Frightful,' I said
as I turned and twisted and looked."
"'우리는 꽤 잘생겼을 텐데
내 머리카락만 아니라면.","'We would be quite handsome
if it were not for my hair."
"머리를 한 번 더 잘라야겠어.'","I need another haircut.'"
"나는 할 수 있는 최선을 다해 머리를 잘랐다
주머니칼로.","I did the best job I was able to do
with a penknife."
"모자를 만들어야겠다고 마음속으로 메모했다
삐져나온 머리카락을 가릴.","I made a mental note to make a hat
to cover the stray ends."
"그리고 나 자신도 놀라운 일을 했다.","Then I did something which took me by surprise."
"나는 11월의 맑은 공기를 맡고,
한 번 더 돌아서 내 옷 뒷모습을 확인한 다음,
산을 내려갔다.","I smelled the clean air of November,
turned once more to see how the back of my suit looked,
and walked down the mountain."
"나는 징검돌을 밟고 개울을 건넜다.","I stepped over the stream on the stones."
"나는 도로까지 걸어갔다.","I walked to the road."
"스스로를 말릴 틈도 없이,
나는 이미 마을을 향해 가고 있었다.","Before I could talk myself out of it,
I was on my way to town."
"도로를 걸어 내려가면서,
나는 계속 도서관에 간다고 가장했지만,
일요일이라
도서관이 문을 닫았다는 걸 알고 있었다.","As I walked down the road,
I kept pretending I was going to the library;
but it was Sunday,
and I knew the library was closed."
"나는 프라이트풀을 마을 바로 바깥에 묶어 두었다
그루터기 위에.","I tethered Frightful just outside town
on a stump."
"관심을 끌고 싶지 않았다.","I didn't want to attract any attention."
"돌멩이를 차며 걸어가고,
휘파람을 불면서,
나는 마을 중심 교차로까지 걸어갔다
마치 매주 일요일 오는 것처럼.","Kicking stones as I went,
and whistling,
I walked to the main intersection of town
as if I came every Sunday."
"나는 약국을 보자 걸음이 빨라지기 시작했는데,
내가 느끼기 시작했기 때문이다
사람들이 매일 보는 모습과는
완전히 다르다는 걸.","I saw the drugstore and began to walk faster,
for I was beginning to sense
that I was not exactly
what everybody saw every day."
"사람들의 시선이
필요 이상으로 오래 나에게 머물렀다.","Eyes were upon me
longer than they needed to be."
"약국에 도착했을 때,
나는 뛰고 있었다.","By the time I got to the drugstore,
I was running."
"나는 안으로 슬쩍 들어가
잡지 진열대로 갔다.","I slipped in
and went to the magazine stand."
"나는 만화책 한 권을 집어 들고
읽기 시작했다.","I picked up a comic book
and began to read."
"발소리가 내 쪽으로 다가왔다.","Footsteps came toward me."
"만화 밑부분 아래로
바지 한 벌과 새들슈즈 한 켤레가 보였다.","Below the bottom pictures
I saw a pair of pants and saddle shoes."
"한쪽 신발이 톡, 톡 소리를 냈다.","One shoe went tap, tap."
"그 발은 가볍게 깡충거리더니,
내 반대편으로 걸어가는 게 보였다.","The feet did a kind of hop step,
and I watched them walk to the other side of me."
"톡, 톡, 톡, 다시,
깡충 한 걸음 더,
그 신발과 바지가 나를 한 바퀴 돌았다.","Tap, tap, tap, again;
a hop step
and the shoes and pants circled me."
"그러더니 목소리가 들렸다.
'어이쿠, 다니엘 분 아니신가!'","Then came the voice.
'Well, if it isn't Daniel Boone!'"
"나는 내 또래쯤 되는 얼굴을 올려다보았다—
다만 좀 더 강아지 같은—이라고 나는 생각했다.","I looked into a face about the age of my own—
but a little more puppyish—I thought."
"비슷한 색깔이었고—
눈은 갈색, 머리카락도 갈색으로—
코는 나보다 크고,
귀도 나보다 컸지만,
아주 자신감 넘치는 얼굴이었다.","It had about the same coloring—
brown eyes, brown hair—
a bigger nose than mine,
and more ears,
but a very assured face."
"나는 '뭐?' 하고 말했다.","I said, 'Well?'"
"나는 씩 웃었는데,
정말 오랜만이었기 때문이다
내 또래 젊은이를 본 게.","I grinned,
because it had been a long time
since I had seen a young man my age."
"그 젊은이는 대답하지 않고,
내 소매를 손가락 사이에 잡더니
유심히 살펴보았다.","The young man didn't answer,
he simply took my sleeve between his fingers
and examined it closely."
"'이거 직접 씹어서 만든 거야?' 하고 물었다.","'Did you chew it yourself?' he asked."
"나는 그가 살펴보는 부분을 보고 말했다,
'음, 아니, 돌에 대고 두드렸는데,
목 부분은 좀 씹어야 했어.","I looked at the spot he was examining and said,
'Well, no, I pounded it on a rock there,
but I did have to chew it a bit around the neck."
"찔려서.'","It stuck me.'"
"우리는 그때 서로를 바라보았다.","We looked at each other then."
"나는 뭔가 말하고 싶었지만,
어디서부터 시작해야 할지 몰랐다.","I wanted to say something,
but didn't know where to begin."
"그는 다시 내 소매를 잡아당겼다.","He picked at my sleeve again."
"'우리 동생도 그것보다
더 진짜 같은 옷이 있거든.","'My kid brother has one
that looks more real than that thing."
"대체 왜 그걸 입고 다녀?'","Whataya got that on for anyway?'"
"나는 그의 옷을 살펴보았다.","I looked at his clothes."
"그는 멋진 회색 슬랙스에,
목이 트인 하얀 셔츠,
그리고 가죽 재킷을 입고 있었다.","He had on a nice pair of gray slacks,
a white shirt opened at the neck,
and a leather jacket."
"이런 것들을 보면서,
나는 할 말을 찾았다.","As I looked at these things,
I found my voice."
"'음, 네가 입은 것 같은 옷은
일주일이면 갈기갈기 찢어질 텐데.'","'Well, I'd rip anything like you have on
all to pieces in about a week.'"
"그는 대답하지 않았다.
다시 나를 한 바퀴 돌았다.","He didn't answer;
he walked around me again."
"'어디서 왔다고 했지?'","'Where did you say you came from?'"
"'말한 적 없는데,
이 위쪽 농장에서 왔어.'","'I didn't say,
but I come from a farm up the way.'"
"'이름이 뭐라고 했지?'","'Whatja say your name was?'"
"'글쎄, 네가 나를 다니엘 분이라고 불렀잖아.'","'Well, you called me Daniel Boone.'"
"'다니엘 분, 응?'
그는 나를 한 바퀴 더 돌고 나서,
유심히 들여다보았다.","'Daniel Boone, eh?'
He walked around me once more,
and then peered at me."
"'너 뉴욕에서 왔지.
억양으로 알 수 있어.'","'You're from New York.
I can tell the accent.'"
"그는 화장품 카운터에 기대며 말했다.","He leaned against the cosmetic counter."
"'자, 솔직히 말해 봐,
이게 뉴욕 애들이 요즘 입는 거야?
갱 같은 건가?'","'Come on, now, tell me,
is this what the kids are wearing in New York now?
Is this gang stuff?'"
"'나는 갱 같은 데 속한 적 없는데,' 하고 내가 말했다.
'넌 그래?'","'I am hardly a member of a gang,' I said.
'Are you?'"
"'여기서? 아니, 우린 볼링이나 쳐.'","'Out here? Naw, we bowl.'"
"볼링 이야기가 한동안 이어지다가,
그가 시계를 봤다.","The conversation went to bowling for a while,
then he looked at his watch."
"'나 가야 돼.
너 정말 볼만하다, 분.","'I gotta go.
You sure are a sight, Boone."
"대체 뭐 하는 거야,
카우보이와 인디언 놀이?'","Whatja doing anyway,
playing cowboys and Indians?'"
"'그리블리 농장으로 올라오면
내가 뭘 하는지 보여줄게.","'Come on up to the Gribley farm
and I'll show you what I'm doing."
"나는 연구를 하고 있거든.
언제 다 폭격 맞아서
사슴 고기 훈제법을 알아야 할지 누가 알겠어.'","I'm doing research.
Who knows when we're all going to be blown to bits
and need to know how to smoke venison.'"
"'이야, 뉴욕 녀석들은
정말 말을 돌리는 데 선수네.","'Gee, you New York guys
can sure double talk."
"그게 무슨 뜻이야,
건물 하나 불태운다는 거야?'","What does that mean,
burn a block down?'"
"'아니, 사슴 고기를 훈제한다는 뜻이야,' 내가 말했다.","'No, it means smoke venison,' I said."
"나는 주머니에서 한 조각 꺼내
그에게 주었다.","I took a piece out of my pocket
and gave it to him."
"그는 냄새를 맡더니
돌려주었다.","He smelled it
and handed it back."
"'이봐,' 그가 말했다,
'이걸 먹는 거야?'","'Man,' he said,
'whataya do, eat it?'"
"'당연히 먹지,' 내가 대답했다.","'I sure do,' I answered."
"너를 집에 보내야 할지 모르겠다
내 동생이랑 놀게 할지,
경찰을 불러야 할지.'","'I don't know whether to send you home
to play with my kid brother
or call the cops.'"
"그는 어깨를 으쓱하며
가야 한다고 또 말했다.","He shrugged his shoulders
and repeated that he had to go."
"가면서 그가 뒤돌아 외쳤다,
'그리블리 농장이라고?'","As he left, he called back,
'The Gribley farm?'"
"'맞아.
찾을 수 있으면 올라와.'","'Yes.
Come on up if you can find it.'"
"나는 잡지를 뒤적였다
점원이 뭘 팔고 싶어 안달이 날 때까지,
그러고는 밖으로 나왔다.","I browsed through the magazines
until the clerk got anxious to sell me something,
and then I wandered out."
"대부분의 사람들은 교회에 있었다.","Most of the people were in church."
"나는 마을을 돌아다니다가
도로로 돌아왔다.","I wandered around the town
and back to the road."
"사람들을 다시 보니 좋았다.","It was nice to see people again."
"마을 외곽에서
한 꼬마가 집에서 뛰쳐나왔는데
신발도 안 신고 있었고,
뒤따라 엄마가 뛰쳐나왔다.","At the outskirts of town
a little boy came bursting out of a house
with his shoes off,
and his mother came bursting out after him."
"나는 그 꼬마의 팔을 잡아
엄마가 안아서 데려갈 때까지 붙잡고 있었다.","I caught the little fellow by the arm
and I held him until his mother picked him up and took him back."
"계단을 올라가다가,
엄마가 멈춰서 나를 바라보았다.","As she went up the steps,
she stopped and looked at me."
"엄마는 문 쪽으로 가다가,
다시 몇 걸음 돌아와서
또 나를 쳐다보았다.","She stepped toward the door,
and then walked back a few steps
and looked at me again."
"나는 눈에 띄는 것 같은 기분이 들어
산으로 가는 길을 택했다.","I began to feel conspicuous
and took the road to my mountain."
"나는 작은 딸기 할머니 집을 지나갔다.","I passed the little old strawberry lady's house."
"거의 들어갈 뻔했는데,
뭔가가 집에 가라고 말했다.","I almost went in,
and then something told me to go home."
"나는 프라이트풀을 찾아서 끈을 풀고,
크림색 가슴 깃털을 쓰다듬으며,
말을 걸었다.","I found Frightful, untied her,
stroked her creamy breast feathers,
and spoke to her."
"'프라이트풀,
나 오늘 친구를 사귀었어.","'Frightful,
I made a friend today."
"내가 처음부터 그걸 바랐던 걸까?'","Do you think that is what I had in mind all the time?'"
"새가 속삭였다.","The bird whispered."
"마음이 쓸쓸했다
낙엽을 차며
숲을 통해 집으로 돌아가는데.","I was feeling sad
as we kicked up the leaves
and started home through the forest."
"반면에,
나는 재킷 씨를 만나서 기뻤다,
내가 그렇게 부른.","On the other hand,
I was glad I had met Mr. Jacket,
as I called him."
"나는 그의 이름을 물어보지도 않았다.","I never asked his name."
"나는 그를 좋아하게 되었는데
우리가 싸우지도 않았는데 말이다.","I had liked him
although we hadn't even had a fight."
"내가 사귄 최고의 친구들은
늘 먼저 싸우고,
상처가 나은 후에야 좋아하게 되었다.","All the best friends I had,
I always fought,
then got to like them after the wounds healed."
"오후가 어두워졌다.","The afternoon darkened."
"나무 주변을 딸깍거리며 돌아다니던 동고비새들이
조용해졌다.","The nuthatches that had been clinking around the trees
were silent."
"박새들은 사라져 버렸다.","The chickadees had vanished."
"외로운 까마귀 한 마리가 울었다
길가에서.","A single crow called
from the edge of the road."
"노래하는 벌레도 없었고,
개똥지빠귀도, 꾀꼬리도,
비레오도, 울새도 없었다.","There were no insects singing,
there were no catbirds, or orioles,
or vireos, or robins."
"'프라이트풀,' 내가 말했다.
'겨울이다.","'Frightful,' I said.
'It is winter."
"겨울인데 나는
엄청나게 중요한 일을 깜빡했어—
장작을 잔뜩 쌓아 두는 것.'","It is winter and I have forgotten
to do a terribly important thing—
stack up a big woodpile.'"
"그 어리석음 때문에 재킷 씨 생각이 머리에서 싹 사라졌고,
나는 계곡을 질주해
산으로 내달렸다.","The stupidity of this sent Mr. Jacket right out of my mind,
and I bolted down the valley
to my mountain."
"프라이트풀이 균형을 잡으려고 날개를 퍼덕였다.","Frightful flapped to keep her balance."
"산길로 이어지는 징검돌을 건너며,
나는 프라이트풀에게 말했다,
'가끔 나는 봄까지 버틸 수 있을지 모르겠어.'","As I crossed the stones to my mountain trail,
I said to that bird,
'Sometimes I wonder if I will make it to spring.'"
"이제 나는 거의 다 왔다
그 눈보라 이야기에.","Now I am almost
to that snowstorm."
"그 다음 날 아침,
나무에 대한 끔찍한 생각을 한
나는 일찍 일어났다.","The morning after
I had the awful thought about the wood,
I got up early."
"반가운 마음으로 들었다
동고비와 박새 소리를.","I was glad to hear
the nuthatches and chickadees."
"그 새들은 내게 느낌을 주었다
아직 시간이 있다는
나무를 벨.","They gave me the feeling
that I still had time
to chop."
"그 새들은 밝고 바쁘게 움직였고
폭풍 따위는 전혀 걱정하지 않았다.","They were bright, busy,
and totally unworried about storms."
"나는 도끼를 어깨에 메고
밖으로 나갔다.","I shouldered my ax
and went out."
"나무를 대부분 써버렸다
솔송나무 집 주변의,
그래서 협곡 꼭대기로 건너갔다.","I had used most of the wood
around the hemlock house,
so I crossed to the top of the gorge."
"먼저 나무에서 마른 가지를 모두 꺾어
집으로 끌고 왔다.","First I took all the dry limbs off the trees
and hauled them home."
"그런 다음 죽은 나무들을 베어 넘겼다.","Then I chopped down dead trees."
"사방에 장작이 쌓이자,
나는 나무 안으로 들어가
팔을 밖으로 내밀었다.","With wood all around me,
I got in my tree
and put my arm out."
"나는 솔잎 위에 x 표시를 했다.","I made an x in the needles."
"x 표시가 있는 곳에서부터
나는 장작을 쌓기 시작했다.","Where the x lay,
I began stacking wood."
"나는 할 수 있길 원했다
나무에서 장작에 손이 닿기를
눈이 깊이 쌓였을 때도.","I wanted to be able to
reach my wood from the tree
when the snow was deep."
"큰 더미를 쌓았다
이 지점에.","I piled a big stack
at this point."
"문 반대편으로도 팔을 뻗어
또 다른 x 표시를 했다.","I reached out the other side of the door
and made another x."
"여기에도 장작을 쌓았다.","I piled wood here."
"그런 다음 쌓아놓은 더미 주변을 걸어보다가
좋은 생각이 떠올랐다.","Then I stepped around my piles
and had a fine idea."
"생각했다, 한 더미를 다 쓰면
눈 속으로 터널을 파서
다음 더미로,
또 다음 더미로 갈 수 있겠다고.","I decided that if I used up one pile,
I could tunnel through the snow
to the next
and the next."
"나는 장작 더미를 많이 만들었다
숲 속으로 이어지도록.","I made many woodpiles
leading out into the forest."
"나는 하늘을 바라보았다.","I watched the sky."
"하늘은 여름처럼 파랬지만,
얼음이 쌓여가고 있었다
협곡의 폭포를 따라.","It was as blue as summer,
but ice was building up
along the waterfall at the gorge."
"겨울이 오고 있다는 걸 알았다,
비록 매일 해가 밝은 하늘에 떠오르고
구름 한 점 없는 날들이 이어졌지만.","I knew winter was coming,
although each day the sun would rise in a bright sky
and the days would follow cloudless."
"나는 장작을 더 쌓았다.","I piled more wood."
"이때 깨달았다
내가 겁먹고 있다는 것을.","This is when I realized
that I was scared."
"나는 계속 나무를 베고 쌓았다
불안한 아이가 손톱을 물어뜯듯이.","I kept cutting wood and piling it
like a nervous child biting his nails."
"거의 안도감이 들었다
폭풍이 도착하는 것을 보고서야.","It was almost with relief
that I saw the storm arrive."
"이제 나는 처음으로 돌아왔다.","Now I am back where I began."
"다시 이야기하지는 않겠다,
이제부터는 안도감과 재미에 대해 계속 이야기하겠다
그리고 사는 것의 경이로움에 대해
겨울에 산꼭대기에서.","I won't tell it again,
I shall go on now with my relief and the fun
and wonderfulness of living
on a mountaintop in winter."
"남작 족제비는 눈을 좋아해서
매일 밖으로 나다녔다
프라이트풀과 내가 아침을 먹기도 전에.","The Baron Weasel loved the snow,
and was up and about in it every day
before Frightful and I had had our breakfast."
"반도 교수님의 잼이 든든한 버팀목이었다
그 추운 아침에.","Professor Bando's jam was my standby
on those cold mornings."
"잼을 수북이 올려 먹었다
딱딱한 도토리 팬케이크 위에,
히코리 너트를 넣어 맛을 개선한.","I would eat mounds of it
on my hard acorn pancakes,
which I improved by adding hickory nuts."
"이것으로 하루의 활력을 채운 뒤,
프라이트풀과 나는 눈밭을 힘차게 밟고 나갔고
비틀비틀 내려갔다
산을.","With these as a bracer for the day,
Frightful and I would stamp out into the snow
and reel down
the mountain."
"프라이트풀은 내 머리 위를 날았고
나는 미끄러지고 뚫고 나가고 구르며
개울까지 내려갔다.","She would fly above my head
as I slid and plunged and rolled
to the creek."
"개울은 얼어 있었다.","The creek was frozen."
"나는 얼음 위로 미끄러져 나가
작은 구멍을 뚫고
얼음낚시를 했다.","I would slide out onto it
and break a little hole
and ice fish."
"햇살이 하얀 눈에 반사되고,
새들은 나무 사이를 날아다녔고,
나는 신선한 먹거리를 들고 집으로 돌아오곤 했다
계곡에서.","The sun would glance off the white snow,
the birds would fly through the trees,
and I would come home with a fresh meal
from the valley."
"눈 아래에 아직 식물이 있다는 걸 알게 되었고,
땅을 파서
티베리 잎과 윈터그린을 캐냈다.","I found there were still plants under the snow,
and I would dig down
and get teaberry leaves and wintergreen."
"이 아이디어는 사슴에게서 얻었는데,
사슴은 눈 아래서 먹을 것을 많이 찾았다.","I got this idea from the deer,
who found a lot to eat under the snow."
"사슴이 좋아하는 이끼도 먹어봤지만,
이끼는 사슴에게 양보하기로 했다.","I tried some of the mosses that they liked,
but decided moss was for the deer."
"네 시쯤이면
우리 모두 집으로 느긋하게 돌아왔다.","Around four o'clock
we would all wander home."
"동고비, 박새, 홍관조,
프라이트풀, 그리고 나.","The nuthatches, the chickadees, the cardinals,
Frightful, and me."
"그리고 이제 가장 좋은 시간이 왔다
멋진 하루의.","And now came the nicest part
of wonderful days."
"나는 초원에 멈춰 서서
프라이트풀을 주먹 위에서 날려 보냈다.","I would stop in the meadow
and throw Frightful off my fist."
"프라이트풀은 하늘 높이 나선형으로 올라가
내 위에서 기다렸고
나는 눈에 눌린 풀밭을 발로 찼다.","She would wind into the sky
and wait above me
as I kicked the snow-bent grasses."
"토끼가 튀어나오거나
때로는 꿩이 나왔다.","A rabbit would pop up,
or sometimes a pheasant."
"하늘에서,
아주 작은 점에서부터,
나의 아름다운 매가 급강하했다.","Out of the sky,
from a pinpoint of a thing,
would dive my beautiful falcon."
"아, 정말 아름다웠다
프라이트풀이 먹잇감을 낚아챌 때는—
온통 힘과 아름다움이었다.","And, oh, she was beautiful
when she made a strike—
all power and beauty."
"땅 위에서
프라이트풀은 사냥감을 덮었다.","On the ground
she would cover her quarry."
"완벽한 깃털이 몸 위로 곤두서고
날개가 먹이 위를 아치형으로 감쌌다.","Her perfect feathers would stand up on her body
and her wings would arch over the food."
"먹이에 절대 입을 대지 않았다
내가 와서 들어올릴 때까지.","She never touched it
until I came and picked her up."
"집에 돌아가서 프라이트풀에게 먹이를 주고,
나무 방으로 기어 들어가
화덕에 작은 불을 피우면,
프라이트풀과 나의 겨울 저녁이 시작되었다.","I would go home and feed her,
then crawl into my tree room,
light a little fire on my hearth,
and Frightful and I would begin the winter evening."
"요리할 시간이 많았고
여러 식물과 고기를 섞어볼 시간도 많았다
맛을 더 좋게 만들기 위해—
그리고 솔직히 내가 만들어냈다고 말해야겠다
꽤 훌륭한 요리들을.","I had lots of time to cook
and try mixing different plants with different meats
to make things taste better—
and I must say I originated
some excellent meals."
"저녁 식사가 끝나면
불은 계속 타올랐고,
프라이트풀은 침대 기둥에 앉아
깃털을 다듬고 부리를 닦고 몸을 털었다.","When dinner was done,
the fire would blaze on;
Frightful would sit on the footpost of the bed
and preen and wipe her beak and shake."
"프라이트풀이 살아 있다는 사실 자체가
따뜻함을 느끼게 해주었다.","Just the fact that she was alive
was a warming thing to know."
"나는 프라이트풀을 바라보며 궁금했다
무엇이 새를 새로 만들고
소년을 소년으로 만드는지.","I would look at her and wonder
what made a bird a bird
and a boy a boy."
"숲은 고요해졌다.","The forest would become silent."
"남작 족제비가 돌아다니고 있다는 걸 알았지만
소리는 들리지 않았다.","I would know that The Baron Weasel was about,
but I would not hear him."
"그러면 자작나무 껍질을 꺼내
글을 쓰거나,
사슴 가죽으로 새로운 물건을 만들었다
프라이트풀의 두건 같은 것을,
그리고 마침내 옷과 모카신을 벗고
침대로 기어 들어갔다
향긋한 사슴 가죽 아래.","Then I would get a piece of birch bark
and write,
or I would make new things out of deer hide,
like a hood for Frightful,
and finally I would take off my suit and my moccasins
and crawl into my bed
under the sweet-smelling deerskin."
"불은 저절로 꺼지고
나는 잠들어 있었다.","The fire would burn itself out
and I would be asleep."
"그런 밤들이야말로
최고 중의 최고였다.","Those were nights
of the very best sort."
"어느 날 밤 예전에 적어둔 메모를 읽었다
장작을 쌓는 방법에 대한,
눈 속에서도 꺼낼 수 있게,
그리고 프라이트풀이 깰 때까지 웃었다.","One night I read some of my old notes
about how to pile wood
so I could get to it under the snow,
and I laughed until Frightful awoke."
"터널은 하나도 만들지 않았다.","I hadn't made a single tunnel."
"나는 눈 위를 걸어서 장작을 가지러 갔다
남작 족제비가 먹이를 찾으러 가거나
사슴이 이끼를 찾으러 가는 것처럼.","I walked on the snow to get wood
like The Baron Weasel went for food
or the deer went for moss."
"프라이트풀과 나는
눈 속에서의 생활에
자리를 잡았다.","Frightful and I
settled down to
living in snow."
"우리는 일찍 잠자리에 들고,
늦게까지 자고,
산의 수확물을 먹고,
둘이서 주변을 탐험했다.","We went to bed early,
slept late,
ate the mountain harvest,
and explored the country alone."
"물론, 사슴은 우리와 함께 걸었고,
여우는 우리 발자국을 따라왔고,
겨울새들은 우리 머리 위를 날았지만,
대부분의 시간은
하얀 황무지에서 둘이뿐이었다.","Oh, the deer walked with us,
the foxes followed in our footsteps,
the winter birds flew over our heads,
but mostly
we were alone in the white wilderness."
"좋았다.","It was nice."
"정말, 정말 좋았다.","It was very, very nice."
"내 사슴가죽에 토끼털 안감을 댄 옷은
너무 따뜻해서
콧구멍에서 입김이 얼어붙을 때조차
몸은 포근하고 편안했다.","My deerskin rabbit-lined suit was
so warm that
even when my breath froze in my nostrils,
my body was snug and comfortable."
"프라이트풀은 가장 추운 날에는 털을 부풀렸지만,
산 주위를 힘차게 한바탕 날면 몸이 따뜻해졌고,
쿵 하고 내 주먹 위에 돌아와
날개를 탁 접곤 했다.","Frightful fluffed on the coldest days,
but a good flight into the air around the mountain would warm her,
and she would come back to my fist
with a thump and a flip."
"이것이 그녀의
기분 좋다는 신호였다.","This was her
signal of good spirits."
"나는 외로워지지 않았다.","I did not become lonely."
"여름 동안 여러 번
나는 생각한 적이 있었다
'앞으로 다가올 긴 겨울'을
약간의 두려움과 함께.","Many times during the summer
I had thought of
the ""long winter months ahead""
with some fear."
"너무 많이 읽어서
농부의 외로움,
사냥꾼의 외로움,
겨울의 황량함 속 나무꾼의 외로움에 대해
결국
믿게 되었다.","I had read so much about
the loneliness of the farmer,
the trapper,
the woodsman during the bleakness of winter
that I had come to
believe it."
"겨울은 여름만큼 신나는 계절이었고,
어쩌면 그 이상이었다.","The winter was as exciting as the summer—
maybe more so."
"새들은 장엄했고
거의 길들여진 것 같았다.","The birds were magnificent
and almost tame."
"그들은 서로 이야기하고,
서로 경고하고,
먹이를 두고 싸웠고,
우두머리 자리를 두고,
그리고 권리를 두고
가장 시끄럽게 울.","They talked to each other,
warned each other,
fought for food,
for kingship,
and for the right
to make the most noise."
"가끔 나는 출입구에 앉아 있곤 했는데,
그 출입구는 볼 만한 입구가 되어 있었다—
순백의 눈으로 된 현관이었다,
눈사람으로 장식된—
그리고 새들을 바라보았다
끝없는 흥미로.","Sometimes I would sit in my doorway,
which became an entrance to behold—
a portico of pure white snow,
adorned with snowmen—
and watch them
with endless interest."
"그들은 나에게
3번가를 떠올리게 했고,
나는 그들에게 이름을 지어 주었다
어울리는 것으로.","They reminded me
of Third Avenue,
and I gave them the names
that seemed to fit."
"브래킷 씨가 있었다.","There was Mr. Bracket."
"그는 우리 아파트 1층에 살았고,
누구도 그의 현관 계단에 앉거나
그의 문 근처에서 소리를 내면
쫓겨나지 않을 수 없었다.","He lived on the first floor of our apartment house,
and no one could sit on his step
or even make a noise near his door
without being chased."
"브래킷 씨, 박새는
대부분의 시간을 보냈다
어린 박새들을 쫓아다니며
숲 속을.","Mr. Bracket, the chickadee,
spent most of his time
chasing the young chickadees
through the woods."
"오직 그의 짝만이
그가 좋아하는 횃대와
먹이터를 함께 쓸 수 있었다.","Only his mate could share
his favorite perches
and feeding places."
"그리고 오브라이언 부인,
캘러웨이 부인,
페데리오 부인이 있었다.","Then there were Mrs. O'Brien,
Mrs. Callaway,
and Mrs. Federio."
"3번가에서 그들은
함께 시장에 갔고
매일 아침 제일 먼저,
이야기하고 밀치고 멈춰 서서
아이들에게 잔소리를 했다
도랑과 거리에서.","On Third Avenue they would
all go off to the market together
first thing in the morning,
talking and pushing and stopping
to lecture to children
in gutters and streets."
"페데리오 부인은 항상
오브라이언 부인을 따라다녔고,
오브라이언 부인은 항상
캘러웨이 부인을 따라다니며
이야기하고 밀치고
사과를 사는 것까지 따라 했다.","Mrs. Federio always
followed Mrs. O'Brien,
and Mrs. O'Brien always
followed Mrs. Callaway
in talking and pushing
and even in buying an apple."
"그런데 바로 여기
내 솔송나무에도 그들이 있었다;
바쁜 박새 세 마리가.","And there they were
again in my hemlock;
three busy chickadees."
"그들은 펄럭이며 돌아다니고
짹짹거리며
이 먹이터에서 저 먹이터로 날아다녔다.","They would flit and rush around
and click
and fly from one eating spot to another."
"그들은 시끄럽고,
잔소리하며
바쁘게 서로를 따라다녔다.","They were noisy,
scolding
and busily following each other."
"다른 모든 박새들이 그들을 따랐고,
그들은 길을 비켜주었다
오직 브래킷 씨에게만.","All the other chickadees followed them,
and they made way
only for Mr. Bracket."
"박새들은
3번가 사람들처럼
자기만의 단골 경로가 있었다
가장 좋은 먹이터로 가는.","The chickadees,
like the people on Third Avenue,
had their favorite routes
to and from the best food supplies."
"각자 자기만의 쉬는 횃대가 있었고
각자 작은 쉼터가 있었다
나무 구멍 속에
하루가 끝나면 날아가는.","They each had their own resting perches
and each had a little shelter
in a tree cavity
to which they would fly when the day was over."
"그들은 재잘거리며 잘 자라고 인사하고
한바탕 소란을 피웠다
헤어지기 전에;
그러면 숲은
3번가의 아파트처럼 조용해졌다.
모든 아이들이 거리에서 사라지고
모든 부모들이 서로에게 마지막 말을 하고
모두가 들어간 뒤처럼
각자의 작은 보금자리로.","They would chatter and call good night
and make a big fuss
before they parted;
and then the forest would be
as quiet as the apartment house on Third Avenue
when all the kids were off the streets
and all the parents had said their last words to each other
and everyone had gone
to their own little hole."
"가끔 바람이 울부짖고
눈이 몰아칠 때면,
박새들은 밖에 나와 있곤 했다
몇 시간만.","Sometimes when the wind howled
and the snows blew,
the chickadees would be out
for only a few hours."
"브래킷 씨조차,
박새들로부터 선출되어
날씨가 사냥하기에 너무 나쁜지
알아보는 역할이었지만,
몇 시간 나타났다가 사라지곤 했다.","Even Mr. Bracket,
who had been elected by the chickadees
to test whether or not it was too stormy
for good hunting,
would appear for a few hours and disappear."
"가끔 나는 그가
가지 위에 조용히 앉아 있는 것을 발견했는데,
나무 몸통 옆에,
온몸의 털을 부풀린 채
아무것도 하지 않고 있었다.","Sometimes I would find him
just sitting quietly on a limb
next to the bole of a tree,
all fluffed up
and doing nothing."
"더 즐기는 존재는 없었다
나쁜 날에 아무것도 하지 않는 것을
3번가의 브래킷 씨보다.","There was no one who more enjoyed
doing nothing on a bad day
than Mr. Bracket of Third Avenue."
"프라이트풀과 두 명의 브래킷 씨,
그리고 나는
이 감정을 공유했다.","Frightful, the two Mr. Brackets,
and I
shared this feeling."
"얼음과 진눈깨비와 눈이
솔송나무 사이로 쏟아지면,
우리 모두 웅크리고 숨었다.","When the ice and sleet and snow
drove down through the hemlocks,
we all holed up."
"어느 날 달력 기둥을 보다가
깨달았다
거의 크리스마스가 다 되었다는 것을.","I looked at my calendar pole one day,
and realized that it was
almost Christmas."
"반도가 올 거야, 하고 생각했다.","Bando will come, I thought."
"잔치를 준비하고
선물을 만들어야겠다
그에게 줄.","I'll have to prepare a feast
and make a present
for him."
"나는 냉동 사슴고기 재고를 확인했고
충분한 스테이크가 있다고 판단했다
한 달 동안 사슴고기만 먹어도 될 만큼.","I took stock of the frozen venison
and decided that there were enough steaks
for us to eat nothing but venison for a month."
"나는 눈 아래를 파서
티베리 식물을 찾아
끓여서 눈뭉치 위에 부어
디저트를 만들 계획이었다.","I scooped under the snow
for teaberry plants
to boil down and pour over snowballs
for dessert."
"나는 야생 양파 저장분을 점검했고
충분한지 확인하려고
양파 수프를 만들기에,
크고 단단한 땅콩 몇 개를 따로 빼놓았다
으깬 감자용으로.","I checked my cache of wild onions
to see if I had enough
to make onion soup,
and set aside some large firm groundnuts
for mashed potatoes."
"아직 산더미처럼 남아 있었고
얼레지 알뿌리와 둥굴레 뿌리가
말린 사과도 몇 개 있었다.","There were still piles of
dogtooth violet bulbs and Solomon's seal roots
and a few dried apples."
"나는 호두, 히코리 열매, 너도밤나무 열매를 까고,
한 켤레를 만들기 시작했다
사슴가죽 모카신을
토끼털 안감을 댄
반도의 선물로.","I cracked walnuts, hickory nuts, and beechnuts,
then began a pair of
deer-hide moccasins
to be lined with rabbit fur
for Bando's present."
"크리스마스 전에 이것을 다 만들어서
모자를 만들기 시작했다
같은 재료로.","I finished these before Christmas,
so I started a hat
of the same materials."
"크리스마스 이틀 전부터
궁금해지기 시작했다
반도가 올까.","Two days before Christmas
I began to wonder
if Bando would come."
"분명 잊었을 거야, 하고 생각했다—
아니면 바쁜 거라고 했다.","He had forgotten, I was sure—
or he was busy, I said."
"아니면 내가 더 이상 여기 없다고 생각해서
눈 속을 헤치고 확인하러
오지 않기로 한 걸지도 모른다.","Or he thought that I was no longer here
and decided not to tramp out through the snows
to find out."
"크리스마스 이브에도
반도는 아직 도착하지 않았고,
나는 계획하기 시작했다
아주 소박한 크리스마스를
프라이트풀과 함께.","On Christmas Eve
Bando still had not arrived,
and I began to plan
for a very small Christmas
with Frightful."
"크리스마스 이브 네 시 반쯤
나는 작고 빨간 티베리 열매 다발을 걸어 놓았다
사슴가죽 문에.","About four-thirty Christmas Eve
I hung a small red cluster of teaberries
on the deerskin door."
"나무 방으로 들어갔다
너도밤나무 열매를 간식으로 먹으려고
희미한 '야호오오' 하는 소리가 들렸다
산 아래 먼 곳에서.","I went in my tree room
for a snack of beechnuts
when I heard a faint ""halloooo""
from far down the mountain."
"나는 수지 양초를 끄고,
코트와 모카신을 급히 신고,
눈 속으로 뛰어나갔다.","I snuffed out my tallow candle,
jumped into my coat and moccasins,
and plunged out into the snow."
"다시 '야호오오' 하는 소리가
고요한 눈 위로 떠왔다.","Again a ""halloooo""
floated over the quiet snow."
"나는 소리가 나는 방향을 잡고
언덕을 뛰어 내려갔다
반도를 만나러.","I took a bearing on the sound
and bounced down the hill
to meet Bando."
"나는 그와 마주쳤다
그가 계곡으로 꺾어 올라가려는 바로 그때
개울 바닥을 따라.","I ran into him
just as he turned up the valley
to follow the stream bed."
"너무 반가워서
그를 껴안고
등을 두드렸다.","I was so glad to see him
that I hugged him
and pounded him on the back."
"올 수 있을 줄 몰랐어,
하고 그가 말했다.","""Never thought I'd make it,""
he said."
"주립공원 입구에서부터 쭉 걸어왔어;
꽤 대단하지?","""I walked all the way from the entrance of the State Park;
pretty good, eh?"""
"그는 미소를 짓고
지친 다리를 탁탁 쳤다.","He smiled
and slapped his tired legs."
"그러고는 내 팔을 잡더니
세 번 빠르게 꼬집으며
내 살을 확인했다.","Then he grabbed my arm,
and with three quick pinches,
tested the meat on me."
"잘 먹고 살았구나,
하고 그가 말했다.","""You've been living well,""
he said."
"그는 내 얼굴을 자세히 들여다보았다.","He looked closely at my face."
"하지만 면도가 필요하겠는걸
1, 2년 안에.","""But you're gonna need a shave
in a year or two."""
"나는 고맙다고 하고
우리는 산을 뛰어 올라가
협곡을 가로질러
집으로 향했다.","I thanked him
and we sprang up the mountain,
cut across through the gorge
and home."
"프라이트풀은 어떻게 지내? 하고 그가 물었다
안에 들어와서
불을 켜자마자.","""How's the Frightful?"" he asked
as soon as we were inside
and the light was lit."
"내가 휘파람을 불자
그녀가 내 주먹 위로 날아왔다.","I whistled.
She jumped to my fist."
"그는 대담하게
그녀를 쓰다듬었다.","He got bold
and stroked her."
"잼은 어때?
하고 그가 물었다.","""And the jam?""
he asked."
"훌륭해요,
다만 항아리가 흡수성이라
즙을 다 빨아들이고 있어요.","""Excellent,
except the crocks are absorbent
and are sopping up all the juice."""
"그래, 설탕을 좀 더 가져왔으니;
내년에 다시 해보자.
메리 크리스마스, 소로!
하고 그가 외치며
방 안을 둘러보았다.","""Well, I brought you some more sugar;
we'll try next year.
Merry Christmas, Thoreau!""
he shouted,
and looked about the room."
"바빴구나.
담요, 새 옷,
기발한 벽난로에—
진짜 굴뚝까지—
이야, 은식기도 있네!
하고 그는 내가 깎은 포크를 집어 들었다.","""I see you have been busy.
A blanket, new clothes,
and an ingenious fireplace—
with a real chimney—
and say, you have silverware!""
He picked up the forks I had carved."
"저녁으로 훈제 생선을 먹었다
삶은 얼레지 알뿌리와 함께.","We ate smoked fish for dinner
with boiled dogtooth violet bulbs."
"잼에 찍은 호두가
디저트였다.","Walnuts dipped in jam
were dessert."
"반도는 만족해했다
잼에.","Bando was pleased
with his jam."
"식사가 끝나자
반도는 내 침대에 쭉 누웠다.","When we were done,
Bando stretched out on my bed."
"그는 발을 올리고
파이프에 불을 붙였다.","He propped his feet up
and lit his pipe."
"자, 보여줄 게 있어,
하고 그가 말했다.","""And now, I have something to show you,""
he said."
"그는 코트 주머니에 손을 넣어
신문 기사를 꺼냈다.","He reached in his coat pocket
and took out a newspaper clipping."
"뉴욕 신문 기사였고,
이런 내용이었다:","It was from a New York paper,
and it read:"
"야생 소년 의심됨
사슴과 견과류로 생활하며
황야에서
캐츠킬의","WILD BOY SUSPECTED
LIVING OFF DEER AND NUTS
IN WILDERNESS
OF CATSKILLS"
"나는 반도를 바라보고
몸을 기울여
직접 헤드라인을 읽었다.","I looked at Bando
and leaned over
to read the headline myself."
"당신이 말한 거예요?
하고 내가 물었다.","""Have you been talking?""
I asked."
"나? 말도 안 되는 소리 마.
너에게 방문자들이 여럿 있었잖아
나 말고도.","""Me? Don't be ridiculous.
You have had several visitors
other than me."""
"산불 감시원—
그 할머니!
하고 나는 외쳤다.","""The fire warden—
the old lady!""
I cried out."
"이봐, 소로,
이건 그저 소문일 수 있어.
인쇄되어 있다고 해서
사실인 건 아니야.
흥분하기 전에
가만히 앉아서 들어봐,
하고 그가 읽었다:","""Now, Thoreau,
this could only be a rumor.
Just because it is in print,
doesn't mean it's true.
Before you get excited,
sit still and listen.""
He read:"
"캐츠킬 산맥의 델리 주민들은
사슴과 견과류로 살아가는 야생 소년이
산속에 숨어 있다고 보고했다.","Residents of Delhi, in the Catskill Mountains,
report that a wild boy, who lives off deer and nuts,
is hiding out in the mountains."
"여러 사냥꾼들이 말했다
이 소년이 자기들의 사슴을 훔쳐갔다고
사냥 시즌 동안.","Several hunters stated
that this boy stole deer from them
during hunting season."
"그런 적 없어!
하고 나는 소리쳤다.","""I did not!""
I shouted."
"가져간 건
그들이 다치게 한 것 중
찾지 못한 것뿐이야.","""I only took the ones
they had wounded
and couldn't find."""
"글쎄, 아내들에게 그렇게 말한 거지
사슴 없이 집에 돌아왔을 때.
어쨌든 이것 좀 들어봐:","""Well, that's what they told their wives
when they came home without their deer.
Anyway, listen to this:"
"이 야생 소년은 목격되었으며
때때로
캐츠킬 주민들에 의해,
그 중 일부는 믿고 있다
그가 미쳤다고!","This wild boy has been seen
from time to time
by Catskill residents,
some of whom believe
he is crazy!"
"세상에, 그건 정말 끔찍한
말이네!","""Well, that's a terrible
thing to say!"""
"정말 끔찍하지,
하고 그가 말했다.","""Just awful,""
he stated."
"어떤 정상적인 혈기 왕성한 미국 소년이라면
나무집에 살면서
직접 음식을 잡아먹고 싶어 하지.
다만 실행하지 않을 뿐이야,
그뿐이야.","""Any normal red-blooded American boy
wants to live in a tree house
and trap his own food.
They just don't do it,
that's all."""
"계속 읽어요,
하고 내가 말했다.","""Read on,""
I said."
"당국은 증거가 없다고 밝혔고
산에서 혼자 사는 소년의,
그리고 모든 버려진 집과 헛간을 덧붙였다
정기적으로 점검하고 있다고
그런 일에 대비해.
그럼에도 불구하고 주민들은 확신하고 있다
그런 소년이 존재한다고!
기사 끝.","""Officials say that there is no evidence
of any boy living alone in the mountains,
and add that all abandoned houses and sheds
are routinely checked
for just such events.
Nevertheless, the residents are sure
that such a boy exists!
End story."""
"말도 안 되는 소리야!
나는 등을 기대며
미소를 지었다.","""That's a lot of nonsense!""
I leaned back against the bedstead
and smiled."
"허허, 이게 끝이 아니야,
하고 반도가 말하며
주머니에서 다른 기사를 꺼냈다.","""Ho, ho, don't think that ends it,""
Bando said,
and reached in his pocket for another clipping."
"이건 12월 5일 자고,
아까 건 11월 23일 자야.
읽어줄까?","""This one is dated December fifth,
the other was November twenty-third.
Shall I read?"""
"네.","Yes."
"노부인이 보고,
야생 소년을 만났다
캐츠킬에서 딸기를 따다가","OLD WOMAN REPORTS
MEETING WILD BOY
WHILE PICKING STRAWBERRIES IN CATSKILLS"
"토마스 필더 부인, 97세,
뉴욕 주 델리 거주민은,
이 기자에게 말했다
비터 산에서 야생 소년을 만났다고
지난 6월
매년 딸기잼 재료를 모으러 가던 중.","Mrs. Thomas Fielder, ninety-seven,
resident of Delhi, N.Y.,
told this reporter
that she met a wild boy on Bitter Mountain
last June
while gathering her annual strawberry jelly supply."
"그녀는 소년이
갈색 머리에 먼지투성이였고
목적 없이 돌아다니고 있었다고 말했다
산 주위를.","She said the boy was
brown-haired, dusty,
and wandering aimlessly
around the mountains."
"하지만 덧붙이기를
건강하고 행복해 보였다고 했다.","However, she added,
he seemed to be in good flesh and happy."
"이 노부인은,
이 산악 휴양 도시에서 97년간 거주해온,
이 사무실에 전화를 걸었다
목격담을 보고하기 위해.","The old woman,
a resident of the mountain resort town for ninety-seven years,
called this office
to report her observation."
"지역 주민들은 전했다
필더 부인이 훌륭한 지역사회의 어르신이며,
가끔
상상의 것들을 볼 뿐이라고.","Local residents report
that Mrs. Fielder is a fine old member of the community,
who only occasionally
sees imaginary things."
"반도는 크게 웃었다.","Bando roared."
"솔직히 나는 땀이 났는데,
정말 예상하지 못했기 때문이다
이런 상황 전개를.","I must say I was sweating,
for I really did not expect
this turn of events."
"그리고 이제, 하고 반도가 이었다,
이제 뉴욕 신문의 여왕이다.
이 기사는 19면에 묻혀 있었어.
선정주의가 없거든
이 신문은.","""And now,"" went on Bando,
""and now the queen of the New York papers.
This story was buried on page nineteen.
No sensationalism
for this paper."""
"소년, 보고됨
자연에 의지해 생활하는 것으로
캐츠킬에서","BOY REPORTED
LIVING OFF LAND
IN CATSKILLS"
"17~18세 소년이,
보이스카우트 단체와 함께 집을 떠난,
보고되었다
여전히 그 지역에서 정찰 활동을 하고 있다고,
산불 감시원에 따르면
캐츠킬 산맥의.","A young boy of seventeen or eighteen,
who left home with a group of boy scouts,
is reported to be
still scouting in that area,
according to the fire warden
of the Catskill Mountains."
"숲속에서 누군가가 생활한 흔적—
벽난로, 수프 뼈, 깨진 견과류—이
짐 핸디 감시원에 의해 보고되었다,
야생에서 밤을 보내며
그 소년을 찾던.","Evidence of someone living in the forest—
a fireplace, soup bones, and cracked nuts—
was reported by Warden Jim Handy,
who spent the night in the wilderness
looking for the lad."
"짐은 그 젊은이가
분명 그 지역을 떠난 것 같다고 말했는데,
야영지의 흔적이 없었기 때문이다
두 번째 방문 시—","Jim stated that the young man
had apparently left the area,
as there was no evidence of his camp
upon a second trip—"
"무슨 두 번째 방문?
하고 내가 물었다.","""What second trip?""
I asked."
"반도는 파이프를 빨며
아쉬운 눈으로 나를 바라보고 말했다,
들을 준비가 됐어?","Bando puffed his pipe,
looked at me wistfully and said,
""Are you ready to listen?"""
"물론이죠,
하고 내가 대답했다.","""Sure,""
I answered."
"좋아, 나머지야…
두 번째 방문에서 야영지의 흔적이 없었고,
감시원은 그 젊은이가 보고 있다
집으로 돌아간 것으로
여름이 끝나고.","""Well, here's the rest of it . . .
there was no trace of his camp on a second trip,
and the warden believes that the young man
returned to his home
at the end of the summer."""
"있잖아, 소로,
신문에서 간신히 떨어져 나왔어
여기 올라오려고.
넌 정말 멋진 이야깃거리야.","""You know, Thoreau,
I could scarcely drag myself away from the newspapers
to come up here.
You make a marvelous story."""
"나는 말했다,
불에 장작 좀 더 넣어요,
크리스마스잖아요.
아무도 이 산을 수색하지 않을 거예요
5월이 되기 전엔.","I said,
""Put more wood on the fire,
it is Christmas.
No one will be searching these mountains
until May Day."""
"반도는 버드나무 호루라기를 달라고 했다.","Bando asked for the willow whistles."
"나는 그것을 가져다주었고,
몇 번 음계를 연습한 뒤 그가 말했다,
기발함에 세레나데를 연주하자
미국 신문기자의.","I got them for him,
and after running the scale several times, he said,
""Let us serenade the ingenuity
of the American newspaperman."
"그리고 자연보호론자들에게도 세레나데를 연주하자
미국의 황야를 보호해서,
소년이 여전히 혼자 있을 수 있게 해준
이 세상에서
수백만 명의.","Then let us serenade the conservationists
who have protected the American wilderness,
so that a boy can still be alone
in this world
of millions of people."""
"적절하다고 생각했고,
우리는 '고요한 밤'을 연주했다.","I thought that was suitable,
and we played ""Holy Night."""
"'크리스마스의 열두 날'도 시도했지만
호루라기가 너무 뻣뻣했고
반도도 너무 피곤했다.","We tried ""The Twelve Days of Christmas,""
but the whistles were too stiff
and Bando too tired."
"소로, 내 몸이 쉬어야 해.
그만하자,
하고 그는 두 번의 실패 끝에 말했다.","""Thoreau, my body needs rest.
Let's give up,""
he said after two bad starts."
"나는 불을 묻고
양초를 끄고
옷을 입은 채 잠들었다.","I banked the fire
and blew out the candle
and slept in my clothes."
"크리스마스였다
우리가 깨어났을 때.","It was Christmas
when we awoke."
"아침 식사는 가벼웠다—
도토리 팬케이크, 잼,
그리고 사사프라스 차.","Breakfast was light—
acorn pancakes, jam,
and sassafras tea."
"반도는 산책을 갔고,
나는 벽난로에 불을 피우고
오전 내내 보냈다
야생의 재료로 잔치를 만드는 데.","Bando went for a walk,
I lit the fire in the fireplace
and spent the morning
creating a feast from the wilderness."
"선물을 주었다
반도가 돌아왔을 때.","I gave Bando his presents
when he returned."
"그는 좋아했다.","He liked them."
"정말 기뻐하는 게 보였는데;
눈썹으로 알 수 있었다.","He was really pleased;
I could tell by his eyebrows."
"눈썹이 위아래로,
안팎으로 움직였다.","They went up and down
and in and out."
"게다가 그가 선물을 좋아하는 걸 확실히 알 수 있었는데,
왜냐하면
그것을 신고 쓰고 있었기 때문이다.","Furthermore, I know he liked the presents
because
he wore them."
"양파 수프를 막 내놓으려 할 때
먼 곳에서 소리치는 목소리가 들렸다.","The onion soup was about to be served
when I heard a voice shouting in the distance."
"네가 거기 있는 거 알아!
거기 있는 거 알아!
어디 있니?","""I know you are there!
I know you are there!
Where are you?"""
"아빠! 하고 나는 소리치며
문을 뚫고 뛰어나갔다
배를 깔고.","""Dad!"" I screamed,
and dove right through the door
onto my stomach."
"나는 산을 거의 굴러 내려가다시피 하면서
소리쳤다,
아빠! 아빠! 어디 있어요? 하고.","I all but fell down the mountain
shouting,
""Dad! Dad! Where are you?"""
"나는 아빠가 눈더미에 기대어 쉬고 있는 것을 발견했는데,
홍관조 한 쌍을 바라보고 있었다
개울 근처에 사는.","I found him resting in a snowdrift,
looking at the cardinal pair
that lived near the stream."
"그는 미소를 짓고 있었고,
등을 대고 누워 있었는데,
지쳐서가 아니라
기쁨에 겨워서였다.","He was smiling,
stretched out on his back,
not in exhaustion,
but in joy."
"메리 크리스마스!
하고 그가 환호했다.","""Merry Christmas!""
he whooped."
"나는 그를 향해 달려갔다.","I ran toward him."
"그는 벌떡 일어나
나를 태클하고,
가슴을 두드리고,
내 얼굴에 눈을 비볐다.","He jumped to his feet,
tackled me,
thumped my chest,
and rubbed snow in my face."
"그러고는 일어서서
내 코트 주머니를 잡고 나를 눈에서 들어 올려,
땅에서 떨어진 채로 잡고 있었다
서로 눈이 마주치게.","Then he stood up,
lifted me from the snow by the pockets on my coat,
and held me off the ground
so that we were eye to eye."
"그는 정말 환하게 웃었다.","He sure smiled."
"그는 나를 다시 눈 위에 내던지고
몇 분 동안 씨름을 했다.","He threw me down in the snow again
and wrestled with me for a few minutes."
"공식적인 인사를 마치고
우리는 산을 성큼성큼 올라갔다.","Our formal greeting done,
we strode up the mountain."
"그래, 아들아,
하고 그가 말문을 열었다.","""Well, son,""
he began."
"신문에서 네 이야기를 읽다 보니
더 이상 참을 수가 없었다
유혹을
너를 만나러 오고 싶은.","""I've been reading about you in the papers
and I could no longer resist
the temptation
to visit you."
"아직도 믿을 수가 없구나
네가 정말 해냈다니.","I still can't believe
you did it."""
"그의 팔이 내 어깨를 감쌌다.","His arm went around me."
"그는 정말 좋아 보였고,
나는 너무나 기뻤다
아빠를 만나서.","He looked real good,
and I was overjoyed
to see him."
"어떻게 저를 찾은 거예요?
하고 나는 간절히 물었다.","""How did you find me?""
I asked eagerly."
"필더 부인한테 갔더니
어느 산인지 알려주더라.
개울에서 네 뗏목과
얼음낚시 구멍을 찾았어.
그다음 길과 발자국을 찾았지.
가까워진 것 같을 때
소리를 질렀어.","""I went to Mrs. Fielder,
and she told me which mountain.
At the stream I found your raft
and ice-fishing holes.
Then I looked for trails and footsteps.
When I thought I was getting warm,
I hollered."""
"저는 그렇게
찾기 쉬운 건가요?","""Am I that easy
to find?"""
"네가 대답하지 않았다면
아마 얼어 죽었을 거다
눈 속에서.","""You didn't have to answer,
and I'd probably have frozen
in the snow."""
"그는 흐뭇해했고
나에게 전혀 화가 나지 않았다.","He was pleased
and not angry at me at all."
"하고 그가 다시 말했다,
네가 정말 해낼 줄은 몰랐다.","He said again,
""I just didn't think you'd do it."
"다음 날 돌아올 줄 알았어.
돌아오지 않으니 다음 주에 걸었고;
그다음엔 다음 달에 걸었지.
어떻게 지내고 있어?","I was sure you'd be back the next day.
When you weren't, I bet on the next week;
then the next month.
How's it going?"""
"오, 아주 멋진 생활이에요, 아빠!","""Oh, it's a wonderful life, Dad!"""
"우리가 나무 안으로 들어갔을 때
반도가 마지막 손질을 하고 있었다
사슴고기 스테이크에.","When we walked into the tree,
Bando was putting the final touches
on the venison steak."
"아빠, 이분은 제 친구
반도 교수님이에요;
선생님이세요.
지난여름에 길을 잃고
제 야영지에 우연히 오셨어요.
너무 마음에 들어서
크리스마스에 다시 오셨어요.
반도, 제 아버지예요.","""Dad, this is my friend,
Professor Bando:
he's a teacher.
He got lost one day last summer
and stumbled onto my camp.
He liked it so well
that he came back for Christmas.
Bando, meet my father."""
"반도는 꼬챙이 위의 스테이크를 뒤집고,
일어나서
아버지의 손을 악수했다.","Bando turned the steak on the spit,
rose,
and shook my father's hand."
"만나게 되어 영광입니다
이 소년을 낳아주신 분을,
하고 그가 거창하게 말했다.","""I am pleased to meet the man
who sired this boy,""
he said grandly."
"나는 그들이 서로를 좋아하는 것을 알 수 있었고
될 거라는 것을 알았다
멋진 크리스마스가.","I could see that they liked each other
and that it was going to be
a splendid Christmas."
"아빠는 침대에 쭉 누워
주위를 둘러보았다.","Dad stretched out on the bed
and looked around."
"동굴을 골랐을 줄 알았는데,
하고 그가 말했다.","""I thought maybe you'd pick a cave,""
he said."
"신문에서 보도했다
오래된 헛간과 집에서 너를 찾고 있다고,
나는 그보다 잘 알고 있었어.
하지만 생각도 못 했다
나무 속은.
정말 멋지구나!
아주 영리해, 아들아,
정말, 정말 영리해.
침대도 편하다.","""The papers reported
that they were looking for you in old sheds and houses,
but I knew better than that.
However, I never would have thought
of the inside of a tree.
What a beauty!
Very clever, son,
very, very clever.
This is a comfortable bed."""
"그는 식량 저장고를 발견하고
일어서서 안을 들여다보았다.","He noticed my food caches,
stood and peered into them."
"봄까지 버틸 만큼 있어?","""Got enough to last until spring?"""
"그런 것 같아요, 하고 나는 말했다.
배고픈 손님이 자꾸
오지만 않으면요.
하고 나는 아빠에게 윙크했다.","""I think so,"" I said.
""If I don't keep getting
hungry visitors all the time.""
I winked at him."
"1년이라도 폐를 끼치고 싶지만,
할 수만 있다면,
곧 일터로 돌아가야 해
크리스마스가 끝나면.","""Well, I would wear out my welcome by a year
if I could,
but I have to get back to work
soon after Christmas."""
"엄마와 나머지 식구들은 어떻게 지내요?
하고 나는 거북이등껍질 접시를 내리며 물었다
그것을 놓았다
바닥에.","""How's Mom and all the rest?""
I asked as I took down the turtle-shell plates
and set them
on the floor."
"잘 지내고 있어.
어떻게 여덟 아이를 먹이고 입히는지
내가 벌어다 주는 걸로, 나도 모르겠지만;
어쨌든 해내고 있어.
엄마가 안부를 전하고,
균형 잡힌 식사를 하고 있길 바란다고 했어.","""She's marvelous.
How she manages to feed and clothe those eight youngsters
on what I bring her, I don't know;
but she does it.
She sends her love,
and says that she hopes you are eating well-balanced meals."""
"양파 수프가 끓어오르며
준비되었다.","The onion soup was simmering
and ready."
"나는 아빠에게
수프를 건넸다.","I gave Dad
his."
"첫 번째 코스요,
하고 내가 말했다.","""First course,""
I said."
"그는 깊이 향을 맡고
끓는 채로 단숨에 마셨다.","He breathed deeply of the odor
and downed it boiling hot."
"아들아, 이건 더 나은 양파 수프다
월도프 호텔 셰프가
만들 수 있는 것보다.","Son, this is better onion soup
than the chef at the Waldorf
can make."
"반도는 자기 것을 홀짝였고,
나는 내 것을 눈에 넣어
식혔다.","Bando sipped his,
and I put mine in the snow
to cool."
"네 어머니도 걱정을 그만하실 거야
네 식단에 대한
이걸 들으면.","""Your mother will stop worrying
about your diet
when she hears of this."""
"반도는 아빠의 수프 그릇을 눈으로 씻고,
대단한 의식과 우아함으로—
상황이 되면 정말 우아해질 수 있는 사람이었다—
거북이등껍질에 따랐다
사사프라스 차를.","Bando rinsed Dad's soup bowl in the snow,
and with great ceremony and elegance—
he could really be elegant when the occasion arose—
poured him a turtle shell
of sassafras tea."
"디킨스의 음식 장면 한 구절을 인용하며
그는 까맣게 구워진 스테이크를 잘랐다.","Quoting a passage from one of Dickens's food-eating scenes,
he carved the blackened steak."
"속은 분홍빛이었고
육즙이 풍부했다.","It was pink
and juicy inside."
"완벽하게 구워졌다.","Cooked to perfection."
"우리 모두 자랑스러웠다.","We were all proud of it."
"아빠는 차부터 마셔야 했다
먹기 전에.","Dad had to finish his tea
before he could eat."
"그릇이 부족했기 때문이다.","I was short on bowls."
"그런 다음 그의 등껍질에 담아주었다.","Then I filled his shell."
"약간 푹신한 으깬 부들 덩이줄기,
버섯, 얼레지 알뿌리를
그레이비에 잔뜩 얹은 것이었다
도토리 가루로 걸쭉하게 만든.","A mound of sort of fluffy mashed cattail tubers,
mushrooms, and dogtooth violet bulbs,
smothered in gravy
thickened with acorn powder."
"각 접시에는 수북이 담겨 있었다
불린 꿀메뚜기나무 콩이—
히코리 열매와 섞은.","Each plate had a pile of
soaked and stewed honey locust beans—
mixed with hickory nuts."
"콩이 너무 딱딱해서
불리는 데 3일이 걸렸다.","The beans are so hard
it took three days to soak them."
"영광스러운 잔치였다.","It was a glorious feast."
"모두가 감탄했다,
나를 포함해.","Everyone was impressed,
including me."
"식사가 끝나자 반도는
개울로 내려가서
오래되어 마르고 속이 빈 갈대를 잘라왔다.","When we were done, Bando went
down to the stream
and cut some old dried and hollow reeds."
"그는 돌아와서
조심스럽게 우리 각자에게 만들어 주었다
피리를
주머니칼 끝으로.","He came back
and carefully made us each
a flute
with the tip of his penknife."
"버드나무 호루라기가 너무 낡았다고 했다
이런 특별한 날에는.","He said the willow whistles
were too old for such an occasion."
"우리 모두 크리스마스 캐럴을 연주했다
어두워질 때까지.","We all played Christmas carols
until dark."
"반도는 복잡한 재즈 곡을 시도하고 싶어 했지만,
늦은 시간,
춤추며 열기를 내뿜는 작은 불,
바람으로부터 우리를 감싸주는 눈 때문에
우리 모두 너무 졸려서
할 수 없었다
마지막으로 느린 '소등 나팔'을 간신히 연주하는 것 이상은
가죽 위에 눕고 가죽을 덮기 전
불을 끄고.","Bando wanted to try some complicated jazz tunes,
but the late hour,
the small fire dancing and throwing heat,
and the snow insulating us from the winds
made us all so sleepy
that we were not capable of more than
a last slow rendition of taps
before we put ourselves on and under skins
and blew out the light."
"아무도 깨기 전에
다음 날 아침,
프라이트풀이 배고프다고
우는 소리가 들렸다.","Before anyone was awake
the next morning,
I heard Frightful
call hungrily."
"밖에 재워 놓았었다,
사람이 너무 많아서.","I had put her outside to sleep,
as we were very crowded."
"나가서 그녀를 찾았다.","I went out to find her."
"크리스마스 저녁으로
큰 사슴고기 덩어리를 먹었지만,
밤공기가 식욕을
더 키워 놓았다.","Her Christmas dinner had been
a big piece of venison,
but the night air had enlarged
her appetite."
"그녀를 내 주먹으로 불러
우리는 풀밭으로 나가
손님들을 위한 아침을 마련했다.","I called her to my fist
and we went into the meadow
to rustle up breakfast for the guests."
"그녀가 토끼를 잡으려 했지만
적절하지 않다고 생각했다
크리스마스 다음 날 아침으로는,
우리는 개울로 갔다.","She was about to go after a rabbit,
but I thought that wasn't proper fare
for a post-Christmas breakfast,
so we went to the stream."
"프라이트풀은 꿩을 잡았고
나는 얼음에 구멍을 뚫어
얼음낚시를 했다.","Frightful caught herself a pheasant
while I kicked a hole in the ice
and did a little ice fishing."
"송어를 여섯 마리쯤 잡고
프라이트풀을 불렀다
내 손으로.","I caught about six trout
and whistled Frightful
to my hand."
"우리는 솔송나무로 돌아갔다.","We returned to the hemlock."
"아빠와 반도는 아직 자고 있었는데,
발이 서로의 얼굴 위에 있었지만
둘 다 아주 만족스러운 표정이었다.","Dad and Bando were still asleep,
with their feet in each other's faces,
but both looking very content."
"나는 불을 지피고
생선을 굽고
팬케이크를 만들고 있었는데
아빠가 침대에서 벌떡 일어났다.","I built the fire
and was cooking the fish
and making pancakes
when Dad shot out of bed."
"야생 소년아! 하고 그가 외쳤다.
이 활기찬 냄새!
이 당당한 불!
나무 속에서 아침이라니.
아들아, 나는 해 뜰 때부터 질 때까지 일하지만
이렇게 잘 살아본 적이 없구나!","""Wild boy!"" he shouted.
""What a sanguine smell.
What a purposeful fire.
Breakfast in a tree.
Son, I toil from sunup to sundown,
and never have I lived so well!"""
"나는 아빠에게 식사를 내놓았다.","I served him."
"도토리 팬케이크에 좀 사래가 걸렸는데—
좀 납작하고 딱딱하기 때문이다—
하지만 반도가 블루베리 잼을 꺼내어
팬케이크 위에 듬뿍 발랐다.","He choked a bit on the acorn pancakes—
they are a little flat and hard—
but Bando got out some of his blueberry jam
and smothered the pancakes with an enormous portion."
"아빠는 이것을 먹는 시늉을 했다.","Dad went through the motions of eating this."
"하지만 생선은 맛있게 먹었고
더 달라고 했다.","The fish, however, he enjoyed,
and he asked for more."
"우리는 사사프라스 차를 마시고
반도가 가져다준 설탕으로 달게 해서,
거북이등껍질을 눈으로 깨끗이 닦고
숲으로 나갔다.","We drank sassafras tea,
sweetened with some of the sugar Bando had brought me,
rubbed our turtle shells clean in the snow,
and went out into the forest."
"아빠는 프라이트풀을
만난 적이 없었다.","Dad had not met
Frightful."
"그녀가 날개를 펴고 내려오자
솔송나무에서,
아빠는 몸을 숙이고 눈 위에 납작 엎드리며
소리쳤다,
발사! 하고.","When she winged down
out of the hemlock,
he ducked and flattened out in the snow
shouting,
""Blast off."""
"아빠는 프라이트풀에게 상당히 냉담했다
알기 전까지는
우리 가족에서 지금까지 가장 뛰어난
식량 조달자라는 것을.","He was very cool toward Frightful
until he learned that she was
the best provider we had ever had
in our family."
"그 뒤로는 끊임없이
그녀의 아름다움을 칭찬하고
재능을 감탄했다.","and then he continually
praised her beauty
and admired her talents."
"심지어 쓰다듬으려고도 했지만
프라이트풀은
쉽게 마음을 열지 않았다.","He even tried to pet her,
but Frightful
was not to be won."
"그녀는 아빠를 할퀴었다
발톱으로.","She snagged him
with her talons."
"그들은 서로를 피했지만,
아빠가 방문하는 나머지 기간 동안,
아빠는 그녀를 감탄하기를 멈추지 않았다
안전한 거리에서.","They stayed away from each other
for the rest of Dad's visit,
although Dad never ceased to admire her
from a safe distance."
"반도는 떠나야 했다
크리스마스 후 2, 3일 뒤에.","Bando had to leave
two or three days after Christmas."
"채점할 과제가 있었고,
어느 날 아침 마지못해 출발했는데,
매우 불만스러운 표정이었다
자신이 선택한 삶의 방식이.","He had some papers to grade,
and he started off reluctantly one morning,
looking very unhappy
about the way of life he had chosen."
"그는 모두에게 악수를 하고
나를 향해 말했다,
신문 기사는 다 모아놓을게,
기자들이 너의 행방에
너무 가까워지면
뉴욕 신문사에 전화해서
엉터리 정보를 흘릴게.","He shook hands all around
and then turned to me and said,
""I'll save all the newspaper clippings for you,
and if the reporters start getting
too hot on your trail,
I'll call the New York papers
and give them a bum steer."""
"그가 그 아이디어를 꽤 마음에 들어하는 것을 알 수 있었고,
떠났다
조금 더 행복해져서.","I could see he rather liked the idea,
and departed
a little happier."
"아빠는 며칠 더 머물면서
얼음낚시를 하고,
내 덫과 올가미를 놓고,
호두 껍질을 까셨다.","Dad lingered on for a few more days,
ice fishing,
setting my traps and snares,
and husking walnuts."
"요리용 숟가락을 깎아 만들었다
포크도.","He whittled some cooking spoons
and forks."
"새해 첫날
아빠는 가야 한다고 했다.","On New Year's Day
he announced that he must go."
"엄마한테 말했거든
크리스마스만 있겠다고.
엄마가 나를 잘 아니까 다행이지
안 그러면 걱정했을 거야.","""I told your mother
I would only stay for Christmas.
It's a good thing she knows me
or she might be worried."""
"경찰에 신고해서 아빠를 찾게 하지 않을까요?
하고 나는 서둘러 물었다.
혹시 생각할 수도 있잖아요
아빠가 저를 못 찾은 줄.","""She won't send the police out to look for you?""
I asked hurriedly.
""Could she think
you never found me?"""
"아, 전화하겠다고 했거든
크리스마스 밤에
못 찾으면.
하고 그는 이것저것 만지작거리며
한두 시간 더,
어떻게 떠날지 고민했다.","""Oh, I told her I'd call her
Christmas night
if I didn't.""
He poked around
for another hour or two,
trying to decide just how to leave."
"마침내 산을 내려가기 시작했다.","Finally he started down the mountain."
"100발자국도 가기 전에
그가 돌아왔다.","He had hardly gone a hundred feet
before he was back."
"다른 길로 가기로 했어.
누군가 내 발자국을 추적하면
너를 찾을 수 있으니까.
그러면 너무 안타깝잖아.","""I've decided to leave by another route.
Somebody might backtrack me
and find you.
And that would be too bad."""
"그는 내게 다가와
어깨에 손을 얹었다.","He came over to me
and put his hand on my shoulder."
"아주 잘해냈다, 샘.","You've done very well, Sam."
"그는 씩 웃으며
협곡 쪽으로 걸어갔다.","He grinned
and walked off toward the gorge."
"나는 그를 지켜보았다
바위에서 바위로 뛰어다니는 것을.","I watched him
bound from rock to rock."
"그는 큰 바위 꼭대기에서 손을 흔들고
뛰어올랐다
공중으로.","He waved from the top of a large rock
and leaped
into the air."
"그것이 내가 마지막으로 본 아빠의 모습이었다
오랜 시간 동안.","That was the last I saw of Dad
for a long time."
